[debug] [2026-10-02T18:13:53.178Z] Checked if tokens are valid: false, expires at: 1787253039717
[debug] [2026-10-02T18:13:53.183Z] Checked if tokens are valid: false, expires at: 1787253039717
[debug] [2026-10-02T18:13:53.183Z] > refreshing access token with scopes: []
[debug] [2026-10-02T18:13:53.184Z] >>> [apiv2][query] POST https://www.googleapis.com/oauth2/v3/token [none]
[debug] [2026-10-02T18:13:53.184Z] >>> [apiv2][body] POST https://www.googleapis.com/oauth2/v3/token [omitted]
[debug] [2026-10-02T18:13:53.217Z] Checked if tokens are valid: false, expires at: 1787253039717
[debug] [2026-10-02T18:13:53.217Z] Checked if tokens are valid: false, expires at: 1787253039717
[debug] [2026-10-02T18:13:53.217Z] > refreshing access token with scopes: []
[debug] [2026-10-02T18:13:53.217Z] >>> [apiv2][query] POST https://www.googleapis.com/oauth2/v3/token [none]
[debug] [2026-10-02T18:13:53.217Z] >>> [apiv2][body] POST https://www.googleapis.com/oauth2/v3/token [omitted]
[debug] [2026-10-02T18:13:53.218Z] Checked if tokens are valid: false, expires at: 1787253039717
[debug] [2026-10-02T18:13:53.218Z] Checked if tokens are valid: false, expires at: 1787253039717
[debug] [2026-10-02T18:13:53.218Z] > refreshing access token with scopes: []
[debug] [2026-10-02T18:13:53.218Z] >>> [apiv2][query] POST https://www.googleapis.com/oauth2/v3/token [none]
[debug] [2026-10-02T18:13:53.218Z] >>> [apiv2][body] POST https://www.googleapis.com/oauth2/v3/token [omitted]
[debug] [2026-10-02T18:13:53.219Z] Checked if tokens are valid: false, expires at: 1787253039717
[debug] [2026-10-02T18:13:53.219Z] Checked if tokens are valid: false, expires at: 1787253039717
[debug] [2026-10-02T18:13:53.219Z] > refreshing access token with scopes: []
[debug] [2026-10-02T18:13:53.219Z] >>> [apiv2][query] POST https://www.googleapis.com/oauth2/v3/token [none]
[debug] [2026-10-02T18:13:53.220Z] >>> [apiv2][body] POST https://www.googleapis.com/oauth2/v3/token [omitted]
[debug] [2026-10-02T18:13:53.220Z] Checked if tokens are valid: false, expires at: 1787253039717
[debug] [2026-10-02T18:13:53.220Z] Checked if tokens are valid: false, expires at: 1787253039717
[debug] [2026-10-02T18:13:53.220Z] > refreshing access token with scopes: []
[debug] [2026-10-02T18:13:53.220Z] >>> [apiv2][query] POST https://www.googleapis.com/oauth2/v3/token [none]
[debug] [2026-10-02T18:13:53.220Z] >>> [apiv2][body] POST https://www.googleapis.com/oauth2/v3/token [omitted]
[debug] [2026-10-02T18:13:53.228Z] Checked if tokens are valid: false, expires at: 1787253039717
[debug] [2026-10-02T18:13:53.228Z] Checked if tokens are valid: false, expires at: 1787253039717
[debug] [2026-10-02T18:13:53.228Z] > refreshing access token with scopes: []
[debug] [2026-10-02T18:13:53.228Z] >>> [apiv2][query] POST https://www.googleapis.com/oauth2/v3/token [none]
[debug] [2026-10-02T18:13:53.228Z] >>> [apiv2][body] POST https://www.googleapis.com/oauth2/v3/token [omitted]
[debug] [2026-10-02T18:13:53.229Z] Checked if tokens are valid: false, expires at: 1787253039717
[debug] [2026-10-02T18:13:53.229Z] Checked if tokens are valid: false, expires at: 1787253039717
[debug] [2026-10-02T18:13:53.229Z] > refreshing access token with scopes: []
[debug] [2026-10-02T18:13:53.229Z] >>> [apiv2][query] POST https://www.googleapis.com/oauth2/v3/token [none]
[debug] [2026-10-02T18:13:53.229Z] >>> [apiv2][body] POST https://www.googleapis.com/oauth2/v3/token [omitted]
[debug] [2026-10-02T18:13:53.229Z] Checked if tokens are valid: false, expires at: 1787253039717
[debug] [2026-10-02T18:13:53.229Z] Checked if tokens are valid: false, expires at: 1787253039717
[debug] [2026-10-02T18:13:53.229Z] > refreshing access token with scopes: []
[debug] [2026-10-02T18:13:53.229Z] >>> [apiv2][query] POST https://www.googleapis.com/oauth2/v3/token [none]
[debug] [2026-10-02T18:13:53.229Z] >>> [apiv2][body] POST https://www.googleapis.com/oauth2/v3/token [omitted]
[debug] [2026-10-02T18:13:53.230Z] Checked if tokens are valid: false, expires at: 1787253039717
[debug] [2026-10-02T18:13:53.230Z] Checked if tokens are valid: false, expires at: 1787253039717
[debug] [2026-10-02T18:13:53.230Z] > refreshing access token with scopes: []
[debug] [2026-10-02T18:13:53.230Z] >>> [apiv2][query] POST https://www.googleapis.com/oauth2/v3/token [none]
[debug] [2026-10-02T18:13:53.230Z] >>> [apiv2][body] POST https://www.googleapis.com/oauth2/v3/token [omitted]
[debug] [2026-10-02T18:13:53.230Z] Checked if tokens are valid: false, expires at: 1787253039717
[debug] [2026-10-02T18:13:53.230Z] Checked if tokens are valid: false, expires at: 1787253039717
[debug] [2026-10-02T18:13:53.230Z] > refreshing access token with scopes: []
[debug] [2026-10-02T18:13:53.230Z] >>> [apiv2][query] POST https://www.googleapis.com/oauth2/v3/token [none]
[debug] [2026-10-02T18:13:53.230Z] >>> [apiv2][body] POST https://www.googleapis.com/oauth2/v3/token [omitted]
[debug] [2026-10-02T18:13:53.543Z] <<< [apiv2][status] POST https://www.googleapis.com/oauth2/v3/token 400
[debug] [2026-10-02T18:13:53.543Z] <<< [apiv2][body] POST https://www.googleapis.com/oauth2/v3/token [omitted]
[error] Authentication Error: Your credentials are no longer valid. Please run firebase login --reauth

For CI servers and headless environments, generate a new token with firebase login:ci
[error] Authentication Error: Your credentials are no longer valid. Please run firebase login --reauth

For CI servers and headless environments, generate a new token with firebase login:ci
[debug] [2026-10-02T18:13:53.544Z] <<< [apiv2][status] POST https://www.googleapis.com/oauth2/v3/token 400
[debug] [2026-10-02T18:13:53.544Z] <<< [apiv2][body] POST https://www.googleapis.com/oauth2/v3/token [omitted]
[error] Authentication Error: Your credentials are no longer valid. Please run firebase login --reauth

For CI servers and headless environments, generate a new token with firebase login:ci
[error] Authentication Error: Your credentials are no longer valid. Please run firebase login --reauth

For CI servers and headless environments, generate a new token with firebase login:ci
[debug] [2026-10-02T18:13:53.544Z] <<< [apiv2][status] POST https://www.googleapis.com/oauth2/v3/token 400
[debug] [2026-10-02T18:13:53.544Z] <<< [apiv2][body] POST https://www.googleapis.com/oauth2/v3/token [omitted]
[error] Authentication Error: Your credentials are no longer valid. Please run firebase login --reauth

For CI servers and headless environments, generate a new token with firebase login:ci
[error] Authentication Error: Your credentials are no longer valid. Please run firebase login --reauth

For CI servers and headless environments, generate a new token with firebase login:ci
[debug] [2026-10-02T18:13:53.544Z] <<< [apiv2][status] POST https://www.googleapis.com/oauth2/v3/token 400
[debug] [2026-10-02T18:13:53.544Z] <<< [apiv2][body] POST https://www.googleapis.com/oauth2/v3/token [omitted]
[error] Authentication Error: Your credentials are no longer valid. Please run firebase login --reauth

For CI servers and headless environments, generate a new token with firebase login:ci
[error] Authentication Error: Your credentials are no longer valid. Please run firebase login --reauth

For CI servers and headless environments, generate a new token with firebase login:ci
[debug] [2026-10-02T18:13:53.544Z] <<< [apiv2][status] POST https://www.googleapis.com/oauth2/v3/token 400
[debug] [2026-10-02T18:13:53.544Z] <<< [apiv2][body] POST https://www.googleapis.com/oauth2/v3/token [omitted]
[error] Authentication Error: Your credentials are no longer valid. Please run firebase login --reauth

For CI servers and headless environments, generate a new token with firebase login:ci
[error] Authentication Error: Your credentials are no longer valid. Please run firebase login --reauth

For CI servers and headless environments, generate a new token with firebase login:ci
[debug] [2026-10-02T18:13:53.544Z] <<< [apiv2][status] POST https://www.googleapis.com/oauth2/v3/token 400
[debug] [2026-10-02T18:13:53.545Z] <<< [apiv2][body] POST https://www.googleapis.com/oauth2/v3/token [omitted]
[error] Authentication Error: Your credentials are no longer valid. Please run firebase login --reauth

For CI servers and headless environments, generate a new token with firebase login:ci
[error] Authentication Error: Your credentials are no longer valid. Please run firebase login --reauth

For CI servers and headless environments, generate a new token with firebase login:ci
[debug] [2026-10-02T18:13:53.545Z] <<< [apiv2][status] POST https://www.googleapis.com/oauth2/v3/token 400
[debug] [2026-10-02T18:13:53.545Z] <<< [apiv2][body] POST https://www.googleapis.com/oauth2/v3/token [omitted]
[error] Authentication Error: Your credentials are no longer valid. Please run firebase login --reauth

For CI servers and headless environments, generate a new token with firebase login:ci
[error] Authentication Error: Your credentials are no longer valid. Please run firebase login --reauth

For CI servers and headless environments, generate a new token with firebase login:ci
[debug] [2026-10-02T18:13:53.545Z] <<< [apiv2][status] POST https://www.googleapis.com/oauth2/v3/token 400
[debug] [2026-10-02T18:13:53.545Z] <<< [apiv2][body] POST https://www.googleapis.com/oauth2/v3/token [omitted]
[error] Authentication Error: Your credentials are no longer valid. Please run firebase login --reauth

For CI servers and headless environments, generate a new token with firebase login:ci
[error] Authentication Error: Your credentials are no longer valid. Please run firebase login --reauth

For CI servers and headless environments, generate a new token with firebase login:ci
[debug] [2026-10-02T18:13:53.545Z] <<< [apiv2][status] POST https://www.googleapis.com/oauth2/v3/token 400
[debug] [2026-10-02T18:13:53.545Z] <<< [apiv2][body] POST https://www.googleapis.com/oauth2/v3/token [omitted]
[error] Authentication Error: Your credentials are no longer valid. Please run firebase login --reauth

For CI servers and headless environments, generate a new token with firebase login:ci
[error] Authentication Error: Your credentials are no longer valid. Please run firebase login --reauth

For CI servers and headless environments, generate a new token with firebase login:ci
[debug] [2026-10-02T18:13:53.545Z] <<< [apiv2][status] POST https://www.googleapis.com/oauth2/v3/token 400
[debug] [2026-10-02T18:13:53.545Z] <<< [apiv2][body] POST https://www.googleapis.com/oauth2/v3/token [omitted]
[error] Authentication Error: Your credentials are no longer valid. Please run firebase login --reauth

For CI servers and headless environments, generate a new token with firebase login:ci
[error] Authentication Error: Your credentials are no longer valid. Please run firebase login --reauth

For CI servers and headless environments, generate a new token with firebase login:ci
[debug] [2026-10-02T18:13:53.546Z] > command requires scopes: ["email","openid","https://www.googleapis.com/auth/cloudplatformprojects.readonly","https://www.googleapis.com/auth/firebase","https://www.googleapis.com/auth/cloud-platform"]
[debug] [2026-10-02T18:13:53.546Z] > authorizing via signed-in user (caleb@wallsentertainment.com)
[debug] [2026-10-02T18:14:13.500Z] Checked if tokens are valid: false, expires at: 1787253039717
[debug] [2026-10-02T18:14:13.505Z] Checked if tokens are valid: false, expires at: 1787253039717
[debug] [2026-10-02T18:14:13.505Z] > refreshing access token with scopes: []
[debug] [2026-10-02T18:14:13.506Z] >>> [apiv2][query] POST https://www.googleapis.com/oauth2/v3/token [none]
[debug] [2026-10-02T18:14:13.506Z] >>> [apiv2][body] POST https://www.googleapis.com/oauth2/v3/token [omitted]
[debug] [2026-10-02T18:14:13.529Z] Checked if tokens are valid: false, expires at: 1787253039717
[debug] [2026-10-02T18:14:13.529Z] Checked if tokens are valid: false, expires at: 1787253039717
[debug] [2026-10-02T18:14:13.529Z] > refreshing access token with scopes: []
[debug] [2026-10-02T18:14:13.529Z] >>> [apiv2][query] POST https://www.googleapis.com/oauth2/v3/token [none]
[debug] [2026-10-02T18:14:13.529Z] >>> [apiv2][body] POST https://www.googleapis.com/oauth2/v3/token [omitted]
[debug] [2026-10-02T18:14:13.530Z] Checked if tokens are valid: false, expires at: 1787253039717
[debug] [2026-10-02T18:14:13.530Z] Checked if tokens are valid: false, expires at: 1787253039717
[debug] [2026-10-02T18:14:13.530Z] > refreshing access token with scopes: []
[debug] [2026-10-02T18:14:13.531Z] >>> [apiv2][query] POST https://www.googleapis.com/oauth2/v3/token [none]
[debug] [2026-10-02T18:14:13.531Z] >>> [apiv2][body] POST https://www.googleapis.com/oauth2/v3/token [omitted]
[debug] [2026-10-02T18:14:13.531Z] Checked if tokens are valid: false, expires at: 1787253039717
[debug] [2026-10-02T18:14:13.531Z] Checked if tokens are valid: false, expires at: 1787253039717
[debug] [2026-10-02T18:14:13.531Z] > refreshing access token with scopes: []
[debug] [2026-10-02T18:14:13.532Z] >>> [apiv2][query] POST https://www.googleapis.com/oauth2/v3/token [none]
[debug] [2026-10-02T18:14:13.532Z] >>> [apiv2][body] POST https://www.googleapis.com/oauth2/v3/token [omitted]
[debug] [2026-10-02T18:14:13.532Z] Checked if tokens are valid: false, expires at: 1787253039717
[debug] [2026-10-02T18:14:13.532Z] Checked if tokens are valid: false, expires at: 1787253039717
[debug] [2026-10-02T18:14:13.532Z] > refreshing access token with scopes: []
[debug] [2026-10-02T18:14:13.533Z] >>> [apiv2][query] POST https://www.googleapis.com/oauth2/v3/token [none]
[debug] [2026-10-02T18:14:13.533Z] >>> [apiv2][body] POST https://www.googleapis.com/oauth2/v3/token [omitted]
[debug] [2026-10-02T18:14:13.538Z] Checked if tokens are valid: false, expires at: 1787253039717
[debug] [2026-10-02T18:14:13.538Z] Checked if tokens are valid: false, expires at: 1787253039717
[debug] [2026-10-02T18:14:13.538Z] > refreshing access token with scopes: []
[debug] [2026-10-02T18:14:13.539Z] >>> [apiv2][query] POST https://www.googleapis.com/oauth2/v3/token [none]
[debug] [2026-10-02T18:14:13.539Z] >>> [apiv2][body] POST https://www.googleapis.com/oauth2/v3/token [omitted]
[debug] [2026-10-02T18:14:13.539Z] Checked if tokens are valid: false, expires at: 1787253039717
[debug] [2026-10-02T18:14:13.539Z] Checked if tokens are valid: false, expires at: 1787253039717
[debug] [2026-10-02T18:14:13.539Z] > refreshing access token with scopes: []
[debug] [2026-10-02T18:14:13.539Z] >>> [apiv2][query] POST https://www.googleapis.com/oauth2/v3/token [none]
[debug] [2026-10-02T18:14:13.539Z] >>> [apiv2][body] POST https://www.googleapis.com/oauth2/v3/token [omitted]
[debug] [2026-10-02T18:14:13.540Z] Checked if tokens are valid: false, expires at: 1787253039717
[debug] [2026-10-02T18:14:13.540Z] Checked if tokens are valid: false, expires at: 1787253039717
[debug] [2026-10-02T18:14:13.540Z] > refreshing access token with scopes: []
[debug] [2026-10-02T18:14:13.540Z] >>> [apiv2][query] POST https://www.googleapis.com/oauth2/v3/token [none]
[debug] [2026-10-02T18:14:13.540Z] >>> [apiv2][body] POST https://www.googleapis.com/oauth2/v3/token [omitted]
[debug] [2026-10-02T18:14:13.540Z] Checked if tokens are valid: false, expires at: 1787253039717
[debug] [2026-10-02T18:14:13.540Z] Checked if tokens are valid: false, expires at: 1787253039717
[debug] [2026-10-02T18:14:13.540Z] > refreshing access token with scopes: []
[debug] [2026-10-02T18:14:13.540Z] >>> [apiv2][query] POST https://www.googleapis.com/oauth2/v3/token [none]
[debug] [2026-10-02T18:14:13.540Z] >>> [apiv2][body] POST https://www.googleapis.com/oauth2/v3/token [omitted]
[debug] [2026-10-02T18:14:13.541Z] Checked if tokens are valid: false, expires at: 1787253039717
[debug] [2026-10-02T18:14:13.541Z] Checked if tokens are valid: false, expires at: 1787253039717
[debug] [2026-10-02T18:14:13.541Z] > refreshing access token with scopes: []
[debug] [2026-10-02T18:14:13.541Z] >>> [apiv2][query] POST https://www.googleapis.com/oauth2/v3/token [none]
[debug] [2026-10-02T18:14:13.541Z] >>> [apiv2][body] POST https://www.googleapis.com/oauth2/v3/token [omitted]
[debug] [2026-10-02T18:14:13.655Z] <<< [apiv2][status] POST https://www.googleapis.com/oauth2/v3/token 400
[debug] [2026-10-02T18:14:13.655Z] <<< [apiv2][body] POST https://www.googleapis.com/oauth2/v3/token [omitted]
[error] Authentication Error: Your credentials are no longer valid. Please run firebase login --reauth

For CI servers and headless environments, generate a new token with firebase login:ci
[error] Authentication Error: Your credentials are no longer valid. Please run firebase login --reauth

For CI servers and headless environments, generate a new token with firebase login:ci
[debug] [2026-10-02T18:14:13.661Z] <<< [apiv2][status] POST https://www.googleapis.com/oauth2/v3/token 400
[debug] [2026-10-02T18:14:13.661Z] <<< [apiv2][body] POST https://www.googleapis.com/oauth2/v3/token [omitted]
[error] Authentication Error: Your credentials are no longer valid. Please run firebase login --reauth

For CI servers and headless environments, generate a new token with firebase login:ci
[error] Authentication Error: Your credentials are no longer valid. Please run firebase login --reauth

For CI servers and headless environments, generate a new token with firebase login:ci
[debug] [2026-10-02T18:14:13.666Z] <<< [apiv2][status] POST https://www.googleapis.com/oauth2/v3/token 400
[debug] [2026-10-02T18:14:13.666Z] <<< [apiv2][body] POST https://www.googleapis.com/oauth2/v3/token [omitted]
[error] Authentication Error: Your credentials are no longer valid. Please run firebase login --reauth

For CI servers and headless environments, generate a new token with firebase login:ci
[error] Authentication Error: Your credentials are no longer valid. Please run firebase login --reauth

For CI servers and headless environments, generate a new token with firebase login:ci
[debug] [2026-10-02T18:14:13.667Z] <<< [apiv2][status] POST https://www.googleapis.com/oauth2/v3/token 400
[debug] [2026-10-02T18:14:13.667Z] <<< [apiv2][body] POST https://www.googleapis.com/oauth2/v3/token [omitted]
[error] Authentication Error: Your credentials are no longer valid. Please run firebase login --reauth

For CI servers and headless environments, generate a new token with firebase login:ci
[error] Authentication Error: Your credentials are no longer valid. Please run firebase login --reauth

For CI servers and headless environments, generate a new token with firebase login:ci
[debug] [2026-10-02T18:14:13.672Z] <<< [apiv2][status] POST https://www.googleapis.com/oauth2/v3/token 400
[debug] [2026-10-02T18:14:13.672Z] <<< [apiv2][body] POST https://www.googleapis.com/oauth2/v3/token [omitted]
[error] Authentication Error: Your credentials are no longer valid. Please run firebase login --reauth

For CI servers and headless environments, generate a new token with firebase login:ci
[error] Authentication Error: Your credentials are no longer valid. Please run firebase login --reauth

For CI servers and headless environments, generate a new token with firebase login:ci
[debug] [2026-10-02T18:14:13.672Z] <<< [apiv2][status] POST https://www.googleapis.com/oauth2/v3/token 400
[debug] [2026-10-02T18:14:13.672Z] <<< [apiv2][body] POST https://www.googleapis.com/oauth2/v3/token [omitted]
[error] Authentication Error: Your credentials are no longer valid. Please run firebase login --reauth

For CI servers and headless environments, generate a new token with firebase login:ci
[error] Authentication Error: Your credentials are no longer valid. Please run firebase login --reauth

For CI servers and headless environments, generate a new token with firebase login:ci
[debug] [2026-10-02T18:14:13.673Z] <<< [apiv2][status] POST https://www.googleapis.com/oauth2/v3/token 400
[debug] [2026-10-02T18:14:13.673Z] <<< [apiv2][body] POST https://www.googleapis.com/oauth2/v3/token [omitted]
[error] Authentication Error: Your credentials are no longer valid. Please run firebase login --reauth

For CI servers and headless environments, generate a new token with firebase login:ci
[error] Authentication Error: Your credentials are no longer valid. Please run firebase login --reauth

For CI servers and headless environments, generate a new token with firebase login:ci
[debug] [2026-10-02T18:14:13.675Z] <<< [apiv2][status] POST https://www.googleapis.com/oauth2/v3/token 400
[debug] [2026-10-02T18:14:13.675Z] <<< [apiv2][body] POST https://www.googleapis.com/oauth2/v3/token [omitted]
[error] Authentication Error: Your credentials are no longer valid. Please run firebase login --reauth

For CI servers and headless environments, generate a new token with firebase login:ci
[error] Authentication Error: Your credentials are no longer valid. Please run firebase login --reauth

For CI servers and headless environments, generate a new token with firebase login:ci
[debug] [2026-10-02T18:14:13.695Z] <<< [apiv2][status] POST https://www.googleapis.com/oauth2/v3/token 400
[debug] [2026-10-02T18:14:13.695Z] <<< [apiv2][body] POST https://www.googleapis.com/oauth2/v3/token [omitted]
[error] Authentication Error: Your credentials are no longer valid. Please run firebase login --reauth

For CI servers and headless environments, generate a new token with firebase login:ci
[error] Authentication Error: Your credentials are no longer valid. Please run firebase login --reauth

For CI servers and headless environments, generate a new token with firebase login:ci
[debug] [2026-10-02T18:14:13.712Z] <<< [apiv2][status] POST https://www.googleapis.com/oauth2/v3/token 400
[debug] [2026-10-02T18:14:13.712Z] <<< [apiv2][body] POST https://www.googleapis.com/oauth2/v3/token [omitted]
[error] Authentication Error: Your credentials are no longer valid. Please run firebase login --reauth

For CI servers and headless environments, generate a new token with firebase login:ci
[error] Authentication Error: Your credentials are no longer valid. Please run firebase login --reauth

For CI servers and headless environments, generate a new token with firebase login:ci
[debug] [2026-10-02T18:14:13.713Z] > command requires scopes: ["email","openid","https://www.googleapis.com/auth/cloudplatformprojects.readonly","https://www.googleapis.com/auth/firebase","https://www.googleapis.com/auth/cloud-platform"]
[debug] [2026-10-02T18:14:13.713Z] > authorizing via signed-in user (caleb@wallsentertainment.com)
[debug] [2026-10-02T18:20:12.980Z] Checked if tokens are valid: false, expires at: 1787253039717
[debug] [2026-10-02T18:20:12.984Z] Checked if tokens are valid: false, expires at: 1787253039717
[debug] [2026-10-02T18:20:12.984Z] > refreshing access token with scopes: []
[debug] [2026-10-02T18:20:12.985Z] >>> [apiv2][query] POST https://www.googleapis.com/oauth2/v3/token [none]
[debug] [2026-10-02T18:20:12.985Z] >>> [apiv2][body] POST https://www.googleapis.com/oauth2/v3/token [omitted]
[debug] [2026-10-02T18:20:13.008Z] Checked if tokens are valid: false, expires at: 1787253039717
[debug] [2026-10-02T18:20:13.008Z] Checked if tokens are valid: false, expires at: 1787253039717
[debug] [2026-10-02T18:20:13.008Z] > refreshing access token with scopes: []
[debug] [2026-10-02T18:20:13.008Z] >>> [apiv2][query] POST https://www.googleapis.com/oauth2/v3/token [none]
[debug] [2026-10-02T18:20:13.008Z] >>> [apiv2][body] POST https://www.googleapis.com/oauth2/v3/token [omitted]
[debug] [2026-10-02T18:20:13.009Z] Checked if tokens are valid: false, expires at: 1787253039717
[debug] [2026-10-02T18:20:13.009Z] Checked if tokens are valid: false, expires at: 1787253039717
[debug] [2026-10-02T18:20:13.009Z] > refreshing access token with scopes: []
[debug] [2026-10-02T18:20:13.010Z] >>> [apiv2][query] POST https://www.googleapis.com/oauth2/v3/token [none]
[debug] [2026-10-02T18:20:13.010Z] >>> [apiv2][body] POST https://www.googleapis.com/oauth2/v3/token [omitted]
[debug] [2026-10-02T18:20:13.010Z] Checked if tokens are valid: false, expires at: 1787253039717
[debug] [2026-10-02T18:20:13.010Z] Checked if tokens are valid: false, expires at: 1787253039717
[debug] [2026-10-02T18:20:13.010Z] > refreshing access token with scopes: []
[debug] [2026-10-02T18:20:13.010Z] >>> [apiv2][query] POST https://www.googleapis.com/oauth2/v3/token [none]
[debug] [2026-10-02T18:20:13.010Z] >>> [apiv2][body] POST https://www.googleapis.com/oauth2/v3/token [omitted]
[debug] [2026-10-02T18:20:13.011Z] Checked if tokens are valid: false, expires at: 1787253039717
[debug] [2026-10-02T18:20:13.011Z] Checked if tokens are valid: false, expires at: 1787253039717
[debug] [2026-10-02T18:20:13.011Z] > refreshing access token with scopes: []
[debug] [2026-10-02T18:20:13.011Z] >>> [apiv2][query] POST https://www.googleapis.com/oauth2/v3/token [none]
[debug] [2026-10-02T18:20:13.011Z] >>> [apiv2][body] POST https://www.googleapis.com/oauth2/v3/token [omitted]
[debug] [2026-10-02T18:20:13.017Z] Checked if tokens are valid: false, expires at: 1787253039717
[debug] [2026-10-02T18:20:13.017Z] Checked if tokens are valid: false, expires at: 1787253039717
[debug] [2026-10-02T18:20:13.017Z] > refreshing access token with scopes: []
[debug] [2026-10-02T18:20:13.017Z] >>> [apiv2][query] POST https://www.googleapis.com/oauth2/v3/token [none]
[debug] [2026-10-02T18:20:13.017Z] >>> [apiv2][body] POST https://www.googleapis.com/oauth2/v3/token [omitted]
[debug] [2026-10-02T18:20:13.018Z] Checked if tokens are valid: false, expires at: 1787253039717
[debug] [2026-10-02T18:20:13.018Z] Checked if tokens are valid: false, expires at: 1787253039717
[debug] [2026-10-02T18:20:13.018Z] > refreshing access token with scopes: []
[debug] [2026-10-02T18:20:13.018Z] >>> [apiv2][query] POST https://www.googleapis.com/oauth2/v3/token [none]
[debug] [2026-10-02T18:20:13.018Z] >>> [apiv2][body] POST https://www.googleapis.com/oauth2/v3/token [omitted]
[debug] [2026-10-02T18:20:13.018Z] Checked if tokens are valid: false, expires at: 1787253039717
[debug] [2026-10-02T18:20:13.018Z] Checked if tokens are valid: false, expires at: 1787253039717
[debug] [2026-10-02T18:20:13.018Z] > refreshing access token with scopes: []
[debug] [2026-10-02T18:20:13.018Z] >>> [apiv2][query] POST https://www.googleapis.com/oauth2/v3/token [none]
[debug] [2026-10-02T18:20:13.018Z] >>> [apiv2][body] POST https://www.googleapis.com/oauth2/v3/token [omitted]
[debug] [2026-10-02T18:20:13.019Z] Checked if tokens are valid: false, expires at: 1787253039717
[debug] [2026-10-02T18:20:13.019Z] Checked if tokens are valid: false, expires at: 1787253039717
[debug] [2026-10-02T18:20:13.019Z] > refreshing access token with scopes: []
[debug] [2026-10-02T18:20:13.019Z] >>> [apiv2][query] POST https://www.googleapis.com/oauth2/v3/token [none]
[debug] [2026-10-02T18:20:13.019Z] >>> [apiv2][body] POST https://www.googleapis.com/oauth2/v3/token [omitted]
[debug] [2026-10-02T18:20:13.019Z] Checked if tokens are valid: false, expires at: 1787253039717
[debug] [2026-10-02T18:20:13.019Z] Checked if tokens are valid: false, expires at: 1787253039717
[debug] [2026-10-02T18:20:13.019Z] > refreshing access token with scopes: []
[debug] [2026-10-02T18:20:13.019Z] >>> [apiv2][query] POST https://www.googleapis.com/oauth2/v3/token [none]
[debug] [2026-10-02T18:20:13.019Z] >>> [apiv2][body] POST https://www.googleapis.com/oauth2/v3/token [omitted]
[debug] [2026-10-02T18:20:13.253Z] <<< [apiv2][status] POST https://www.googleapis.com/oauth2/v3/token 400
[debug] [2026-10-02T18:20:13.253Z] <<< [apiv2][body] POST https://www.googleapis.com/oauth2/v3/token [omitted]
[error] Authentication Error: Your credentials are no longer valid. Please run firebase login --reauth

For CI servers and headless environments, generate a new token with firebase login:ci
[error] Authentication Error: Your credentials are no longer valid. Please run firebase login --reauth

For CI servers and headless environments, generate a new token with firebase login:ci
[debug] [2026-10-02T18:20:13.254Z] <<< [apiv2][status] POST https://www.googleapis.com/oauth2/v3/token 400
[debug] [2026-10-02T18:20:13.254Z] <<< [apiv2][body] POST https://www.googleapis.com/oauth2/v3/token [omitted]
[error] Authentication Error: Your credentials are no longer valid. Please run firebase login --reauth

For CI servers and headless environments, generate a new token with firebase login:ci
[error] Authentication Error: Your credentials are no longer valid. Please run firebase login --reauth

For CI servers and headless environments, generate a new token with firebase login:ci
[debug] [2026-10-02T18:20:13.255Z] <<< [apiv2][status] POST https://www.googleapis.com/oauth2/v3/token 400
[debug] [2026-10-02T18:20:13.255Z] <<< [apiv2][body] POST https://www.googleapis.com/oauth2/v3/token [omitted]
[error] Authentication Error: Your credentials are no longer valid. Please run firebase login --reauth

For CI servers and headless environments, generate a new token with firebase login:ci
[error] Authentication Error: Your credentials are no longer valid. Please run firebase login --reauth

For CI servers and headless environments, generate a new token with firebase login:ci
[debug] [2026-10-02T18:20:13.255Z] <<< [apiv2][status] POST https://www.googleapis.com/oauth2/v3/token 400
[debug] [2026-10-02T18:20:13.255Z] <<< [apiv2][body] POST https://www.googleapis.com/oauth2/v3/token [omitted]
[error] Authentication Error: Your credentials are no longer valid. Please run firebase login --reauth

For CI servers and headless environments, generate a new token with firebase login:ci
[error] Authentication Error: Your credentials are no longer valid. Please run firebase login --reauth

For CI servers and headless environments, generate a new token with firebase login:ci
[debug] [2026-10-02T18:20:13.255Z] <<< [apiv2][status] POST https://www.googleapis.com/oauth2/v3/token 400
[debug] [2026-10-02T18:20:13.255Z] <<< [apiv2][body] POST https://www.googleapis.com/oauth2/v3/token [omitted]
[error] Authentication Error: Your credentials are no longer valid. Please run firebase login --reauth

For CI servers and headless environments, generate a new token with firebase login:ci
[error] Authentication Error: Your credentials are no longer valid. Please run firebase login --reauth

For CI servers and headless environments, generate a new token with firebase login:ci
[debug] [2026-10-02T18:20:13.255Z] <<< [apiv2][status] POST https://www.googleapis.com/oauth2/v3/token 400
[debug] [2026-10-02T18:20:13.255Z] <<< [apiv2][body] POST https://www.googleapis.com/oauth2/v3/token [omitted]
[error] Authentication Error: Your credentials are no longer valid. Please run firebase login --reauth

For CI servers and headless environments, generate a new token with firebase login:ci
[error] Authentication Error: Your credentials are no longer valid. Please run firebase login --reauth

For CI servers and headless environments, generate a new token with firebase login:ci
[debug] [2026-10-02T18:20:13.256Z] <<< [apiv2][status] POST https://www.googleapis.com/oauth2/v3/token 400
[debug] [2026-10-02T18:20:13.256Z] <<< [apiv2][body] POST https://www.googleapis.com/oauth2/v3/token [omitted]
[error] Authentication Error: Your credentials are no longer valid. Please run firebase login --reauth

For CI servers and headless environments, generate a new token with firebase login:ci
[error] Authentication Error: Your credentials are no longer valid. Please run firebase login --reauth

For CI servers and headless environments, generate a new token with firebase login:ci
[debug] [2026-10-02T18:20:13.265Z] <<< [apiv2][status] POST https://www.googleapis.com/oauth2/v3/token 400
[debug] [2026-10-02T18:20:13.265Z] <<< [apiv2][body] POST https://www.googleapis.com/oauth2/v3/token [omitted]
[error] Authentication Error: Your credentials are no longer valid. Please run firebase login --reauth

For CI servers and headless environments, generate a new token with firebase login:ci
[error] Authentication Error: Your credentials are no longer valid. Please run firebase login --reauth

For CI servers and headless environments, generate a new token with firebase login:ci
[debug] [2026-10-02T18:20:13.265Z] <<< [apiv2][status] POST https://www.googleapis.com/oauth2/v3/token 400
[debug] [2026-10-02T18:20:13.265Z] <<< [apiv2][body] POST https://www.googleapis.com/oauth2/v3/token [omitted]
[error] Authentication Error: Your credentials are no longer valid. Please run firebase login --reauth

For CI servers and headless environments, generate a new token with firebase login:ci
[error] Authentication Error: Your credentials are no longer valid. Please run firebase login --reauth

For CI servers and headless environments, generate a new token with firebase login:ci
[debug] [2026-10-02T18:20:13.318Z] <<< [apiv2][status] POST https://www.googleapis.com/oauth2/v3/token 400
[debug] [2026-10-02T18:20:13.318Z] <<< [apiv2][body] POST https://www.googleapis.com/oauth2/v3/token [omitted]
[error] Authentication Error: Your credentials are no longer valid. Please run firebase login --reauth

For CI servers and headless environments, generate a new token with firebase login:ci
[error] Authentication Error: Your credentials are no longer valid. Please run firebase login --reauth

For CI servers and headless environments, generate a new token with firebase login:ci
[debug] [2026-10-02T18:20:13.320Z] > command requires scopes: ["email","openid","https://www.googleapis.com/auth/cloudplatformprojects.readonly","https://www.googleapis.com/auth/firebase","https://www.googleapis.com/auth/cloud-platform"]
[debug] [2026-10-02T18:20:13.320Z] > authorizing via signed-in user (caleb@wallsentertainment.com)
[debug] [2026-10-02T18:59:19.968Z] Checked if tokens are valid: false, expires at: 1787253039717
[debug] [2026-10-02T18:59:19.973Z] Checked if tokens are valid: false, expires at: 1787253039717
[debug] [2026-10-02T18:59:19.974Z] > refreshing access token with scopes: []
[debug] [2026-10-02T18:59:19.974Z] >>> [apiv2][query] POST https://www.googleapis.com/oauth2/v3/token [none]
[debug] [2026-10-02T18:59:19.975Z] >>> [apiv2][body] POST https://www.googleapis.com/oauth2/v3/token [omitted]
[debug] [2026-10-02T18:59:20.002Z] Checked if tokens are valid: false, expires at: 1787253039717
[debug] [2026-10-02T18:59:20.003Z] Checked if tokens are valid: false, expires at: 1787253039717
[debug] [2026-10-02T18:59:20.003Z] > refreshing access token with scopes: []
[debug] [2026-10-02T18:59:20.003Z] >>> [apiv2][query] POST https://www.googleapis.com/oauth2/v3/token [none]
[debug] [2026-10-02T18:59:20.004Z] >>> [apiv2][body] POST https://www.googleapis.com/oauth2/v3/token [omitted]
[debug] [2026-10-02T18:59:20.006Z] Checked if tokens are valid: false, expires at: 1787253039717
[debug] [2026-10-02T18:59:20.006Z] Checked if tokens are valid: false, expires at: 1787253039717
[debug] [2026-10-02T18:59:20.006Z] > refreshing access token with scopes: []
[debug] [2026-10-02T18:59:20.007Z] >>> [apiv2][query] POST https://www.googleapis.com/oauth2/v3/token [none]
[debug] [2026-10-02T18:59:20.007Z] >>> [apiv2][body] POST https://www.googleapis.com/oauth2/v3/token [omitted]
[debug] [2026-10-02T18:59:20.008Z] Checked if tokens are valid: false, expires at: 1787253039717
[debug] [2026-10-02T18:59:20.008Z] Checked if tokens are valid: false, expires at: 1787253039717
[debug] [2026-10-02T18:59:20.008Z] > refreshing access token with scopes: []
[debug] [2026-10-02T18:59:20.008Z] >>> [apiv2][query] POST https://www.googleapis.com/oauth2/v3/token [none]
[debug] [2026-10-02T18:59:20.008Z] >>> [apiv2][body] POST https://www.googleapis.com/oauth2/v3/token [omitted]
[debug] [2026-10-02T18:59:20.009Z] Checked if tokens are valid: false, expires at: 1787253039717
[debug] [2026-10-02T18:59:20.009Z] Checked if tokens are valid: false, expires at: 1787253039717
[debug] [2026-10-02T18:59:20.009Z] > refreshing access token with scopes: []
[debug] [2026-10-02T18:59:20.009Z] >>> [apiv2][query] POST https://www.googleapis.com/oauth2/v3/token [none]
[debug] [2026-10-02T18:59:20.009Z] >>> [apiv2][body] POST https://www.googleapis.com/oauth2/v3/token [omitted]
[debug] [2026-10-02T18:59:20.019Z] Checked if tokens are valid: false, expires at: 1787253039717
[debug] [2026-10-02T18:59:20.019Z] Checked if tokens are valid: false, expires at: 1787253039717
[debug] [2026-10-02T18:59:20.019Z] > refreshing access token with scopes: []
[debug] [2026-10-02T18:59:20.019Z] >>> [apiv2][query] POST https://www.googleapis.com/oauth2/v3/token [none]
[debug] [2026-10-02T18:59:20.019Z] >>> [apiv2][body] POST https://www.googleapis.com/oauth2/v3/token [omitted]
[debug] [2026-10-02T18:59:20.020Z] Checked if tokens are valid: false, expires at: 1787253039717
[debug] [2026-10-02T18:59:20.020Z] Checked if tokens are valid: false, expires at: 1787253039717
[debug] [2026-10-02T18:59:20.020Z] > refreshing access token with scopes: []
[debug] [2026-10-02T18:59:20.020Z] >>> [apiv2][query] POST https://www.googleapis.com/oauth2/v3/token [none]
[debug] [2026-10-02T18:59:20.020Z] >>> [apiv2][body] POST https://www.googleapis.com/oauth2/v3/token [omitted]
[debug] [2026-10-02T18:59:20.021Z] Checked if tokens are valid: false, expires at: 1787253039717
[debug] [2026-10-02T18:59:20.021Z] Checked if tokens are valid: false, expires at: 1787253039717
[debug] [2026-10-02T18:59:20.021Z] > refreshing access token with scopes: []
[debug] [2026-10-02T18:59:20.021Z] >>> [apiv2][query] POST https://www.googleapis.com/oauth2/v3/token [none]
[debug] [2026-10-02T18:59:20.021Z] >>> [apiv2][body] POST https://www.googleapis.com/oauth2/v3/token [omitted]
[debug] [2026-10-02T18:59:20.021Z] Checked if tokens are valid: false, expires at: 1787253039717
[debug] [2026-10-02T18:59:20.021Z] Checked if tokens are valid: false, expires at: 1787253039717
[debug] [2026-10-02T18:59:20.021Z] > refreshing access token with scopes: []
[debug] [2026-10-02T18:59:20.021Z] >>> [apiv2][query] POST https://www.googleapis.com/oauth2/v3/token [none]
[debug] [2026-10-02T18:59:20.021Z] >>> [apiv2][body] POST https://www.googleapis.com/oauth2/v3/token [omitted]
[debug] [2026-10-02T18:59:20.022Z] Checked if tokens are valid: false, expires at: 1787253039717
[debug] [2026-10-02T18:59:20.022Z] Checked if tokens are valid: false, expires at: 1787253039717
[debug] [2026-10-02T18:59:20.022Z] > refreshing access token with scopes: []
[debug] [2026-10-02T18:59:20.022Z] >>> [apiv2][query] POST https://www.googleapis.com/oauth2/v3/token [none]
[debug] [2026-10-02T18:59:20.022Z] >>> [apiv2][body] POST https://www.googleapis.com/oauth2/v3/token [omitted]
[debug] [2026-10-02T18:59:20.140Z] <<< [apiv2][status] POST https://www.googleapis.com/oauth2/v3/token 400
[debug] [2026-10-02T18:59:20.140Z] <<< [apiv2][body] POST https://www.googleapis.com/oauth2/v3/token [omitted]
[error] Authentication Error: Your credentials are no longer valid. Please run firebase login --reauth

For CI servers and headless environments, generate a new token with firebase login:ci
[error] Authentication Error: Your credentials are no longer valid. Please run firebase login --reauth

For CI servers and headless environments, generate a new token with firebase login:ci
[debug] [2026-10-02T18:59:20.140Z] <<< [apiv2][status] POST https://www.googleapis.com/oauth2/v3/token 400
[debug] [2026-10-02T18:59:20.140Z] <<< [apiv2][body] POST https://www.googleapis.com/oauth2/v3/token [omitted]
[error] Authentication Error: Your credentials are no longer valid. Please run firebase login --reauth

For CI servers and headless environments, generate a new token with firebase login:ci
[error] Authentication Error: Your credentials are no longer valid. Please run firebase login --reauth

For CI servers and headless environments, generate a new token with firebase login:ci
[debug] [2026-10-02T18:59:20.143Z] <<< [apiv2][status] POST https://www.googleapis.com/oauth2/v3/token 400
[debug] [2026-10-02T18:59:20.143Z] <<< [apiv2][body] POST https://www.googleapis.com/oauth2/v3/token [omitted]
[error] Authentication Error: Your credentials are no longer valid. Please run firebase login --reauth

For CI servers and headless environments, generate a new token with firebase login:ci
[error] Authentication Error: Your credentials are no longer valid. Please run firebase login --reauth

For CI servers and headless environments, generate a new token with firebase login:ci
[debug] [2026-10-02T18:59:20.145Z] <<< [apiv2][status] POST https://www.googleapis.com/oauth2/v3/token 400
[debug] [2026-10-02T18:59:20.145Z] <<< [apiv2][body] POST https://www.googleapis.com/oauth2/v3/token [omitted]
[error] Authentication Error: Your credentials are no longer valid. Please run firebase login --reauth

For CI servers and headless environments, generate a new token with firebase login:ci
[error] Authentication Error: Your credentials are no longer valid. Please run firebase login --reauth

For CI servers and headless environments, generate a new token with firebase login:ci
[debug] [2026-10-02T18:59:20.150Z] <<< [apiv2][status] POST https://www.googleapis.com/oauth2/v3/token 400
[debug] [2026-10-02T18:59:20.150Z] <<< [apiv2][body] POST https://www.googleapis.com/oauth2/v3/token [omitted]
[error] Authentication Error: Your credentials are no longer valid. Please run firebase login --reauth

For CI servers and headless environments, generate a new token with firebase login:ci
[error] Authentication Error: Your credentials are no longer valid. Please run firebase login --reauth

For CI servers and headless environments, generate a new token with firebase login:ci
[debug] [2026-10-02T18:59:20.150Z] <<< [apiv2][status] POST https://www.googleapis.com/oauth2/v3/token 400
[debug] [2026-10-02T18:59:20.150Z] <<< [apiv2][body] POST https://www.googleapis.com/oauth2/v3/token [omitted]
[error] Authentication Error: Your credentials are no longer valid. Please run firebase login --reauth

For CI servers and headless environments, generate a new token with firebase login:ci
[error] Authentication Error: Your credentials are no longer valid. Please run firebase login --reauth

For CI servers and headless environments, generate a new token with firebase login:ci
[debug] [2026-10-02T18:59:20.151Z] <<< [apiv2][status] POST https://www.googleapis.com/oauth2/v3/token 400
[debug] [2026-10-02T18:59:20.151Z] <<< [apiv2][body] POST https://www.googleapis.com/oauth2/v3/token [omitted]
[error] Authentication Error: Your credentials are no longer valid. Please run firebase login --reauth

For CI servers and headless environments, generate a new token with firebase login:ci
[error] Authentication Error: Your credentials are no longer valid. Please run firebase login --reauth

For CI servers and headless environments, generate a new token with firebase login:ci
[debug] [2026-10-02T18:59:20.152Z] <<< [apiv2][status] POST https://www.googleapis.com/oauth2/v3/token 400
[debug] [2026-10-02T18:59:20.152Z] <<< [apiv2][body] POST https://www.googleapis.com/oauth2/v3/token [omitted]
[error] Authentication Error: Your credentials are no longer valid. Please run firebase login --reauth

For CI servers and headless environments, generate a new token with firebase login:ci
[error] Authentication Error: Your credentials are no longer valid. Please run firebase login --reauth

For CI servers and headless environments, generate a new token with firebase login:ci
[debug] [2026-10-02T18:59:20.153Z] > command requires scopes: ["email","openid","https://www.googleapis.com/auth/cloudplatformprojects.readonly","https://www.googleapis.com/auth/firebase","https://www.googleapis.com/auth/cloud-platform"]
[debug] [2026-10-02T18:59:20.153Z] > authorizing via signed-in user (caleb@wallsentertainment.com)
[debug] [2026-10-02T18:59:20.154Z] <<< [apiv2][status] POST https://www.googleapis.com/oauth2/v3/token 400
[debug] [2026-10-02T18:59:20.154Z] <<< [apiv2][body] POST https://www.googleapis.com/oauth2/v3/token [omitted]
[error] Authentication Error: Your credentials are no longer valid. Please run firebase login --reauth

For CI servers and headless environments, generate a new token with firebase login:ci
[error] Authentication Error: Your credentials are no longer valid. Please run firebase login --reauth

For CI servers and headless environments, generate a new token with firebase login:ci
[debug] [2026-10-02T18:59:20.155Z] <<< [apiv2][status] POST https://www.googleapis.com/oauth2/v3/token 400
[debug] [2026-10-02T18:59:20.155Z] <<< [apiv2][body] POST https://www.googleapis.com/oauth2/v3/token [omitted]
[error] Authentication Error: Your credentials are no longer valid. Please run firebase login --reauth

For CI servers and headless environments, generate a new token with firebase login:ci
[error] Authentication Error: Your credentials are no longer valid. Please run firebase login --reauth

For CI servers and headless environments, generate a new token with firebase login:ci
[debug] [2026-10-02T18:59:51.179Z] Checked if tokens are valid: false, expires at: 1787253039717
[debug] [2026-10-02T18:59:51.176Z] Checked if tokens are valid: false, expires at: 1787253039717
[debug] [2026-10-02T18:59:51.180Z] Checked if tokens are valid: false, expires at: 1787253039717
[debug] [2026-10-02T18:59:51.180Z] > refreshing access token with scopes: []
[debug] [2026-10-02T18:59:51.181Z] >>> [apiv2][query] POST https://www.googleapis.com/oauth2/v3/token [none]
[debug] [2026-10-02T18:59:51.181Z] >>> [apiv2][body] POST https://www.googleapis.com/oauth2/v3/token [omitted]
[debug] [2026-10-02T18:59:51.208Z] Checked if tokens are valid: false, expires at: 1787253039717
[debug] [2026-10-02T18:59:51.208Z] Checked if tokens are valid: false, expires at: 1787253039717
[debug] [2026-10-02T18:59:51.208Z] > refreshing access token with scopes: []
[debug] [2026-10-02T18:59:51.208Z] >>> [apiv2][query] POST https://www.googleapis.com/oauth2/v3/token [none]
[debug] [2026-10-02T18:59:51.208Z] >>> [apiv2][body] POST https://www.googleapis.com/oauth2/v3/token [omitted]
[debug] [2026-10-02T18:59:51.209Z] Checked if tokens are valid: false, expires at: 1787253039717
[debug] [2026-10-02T18:59:51.210Z] Checked if tokens are valid: false, expires at: 1787253039717
[debug] [2026-10-02T18:59:51.210Z] > refreshing access token with scopes: []
[debug] [2026-10-02T18:59:51.210Z] >>> [apiv2][query] POST https://www.googleapis.com/oauth2/v3/token [none]
[debug] [2026-10-02T18:59:51.210Z] >>> [apiv2][body] POST https://www.googleapis.com/oauth2/v3/token [omitted]
[debug] [2026-10-02T18:59:51.211Z] Checked if tokens are valid: false, expires at: 1787253039717
[debug] [2026-10-02T18:59:51.211Z] Checked if tokens are valid: false, expires at: 1787253039717
[debug] [2026-10-02T18:59:51.211Z] > refreshing access token with scopes: []
[debug] [2026-10-02T18:59:51.211Z] >>> [apiv2][query] POST https://www.googleapis.com/oauth2/v3/token [none]
[debug] [2026-10-02T18:59:51.211Z] >>> [apiv2][body] POST https://www.googleapis.com/oauth2/v3/token [omitted]
[debug] [2026-10-02T18:59:51.212Z] Checked if tokens are valid: false, expires at: 1787253039717
[debug] [2026-10-02T18:59:51.212Z] Checked if tokens are valid: false, expires at: 1787253039717
[debug] [2026-10-02T18:59:51.212Z] > refreshing access token with scopes: []
[debug] [2026-10-02T18:59:51.212Z] >>> [apiv2][query] POST https://www.googleapis.com/oauth2/v3/token [none]
[debug] [2026-10-02T18:59:51.212Z] >>> [apiv2][body] POST https://www.googleapis.com/oauth2/v3/token [omitted]
[debug] [2026-10-02T18:59:51.180Z] Checked if tokens are valid: false, expires at: 1787253039717
[debug] [2026-10-02T18:59:51.181Z] > refreshing access token with scopes: []
[debug] [2026-10-02T18:59:51.181Z] >>> [apiv2][query] POST https://www.googleapis.com/oauth2/v3/token [none]
[debug] [2026-10-02T18:59:51.182Z] >>> [apiv2][body] POST https://www.googleapis.com/oauth2/v3/token [omitted]
[debug] [2026-10-02T18:59:51.208Z] Checked if tokens are valid: false, expires at: 1787253039717
[debug] [2026-10-02T18:59:51.208Z] Checked if tokens are valid: false, expires at: 1787253039717
[debug] [2026-10-02T18:59:51.208Z] > refreshing access token with scopes: []
[debug] [2026-10-02T18:59:51.208Z] >>> [apiv2][query] POST https://www.googleapis.com/oauth2/v3/token [none]
[debug] [2026-10-02T18:59:51.208Z] >>> [apiv2][body] POST https://www.googleapis.com/oauth2/v3/token [omitted]
[debug] [2026-10-02T18:59:51.210Z] Checked if tokens are valid: false, expires at: 1787253039717
[debug] [2026-10-02T18:59:51.210Z] Checked if tokens are valid: false, expires at: 1787253039717
[debug] [2026-10-02T18:59:51.210Z] > refreshing access token with scopes: []
[debug] [2026-10-02T18:59:51.210Z] >>> [apiv2][query] POST https://www.googleapis.com/oauth2/v3/token [none]
[debug] [2026-10-02T18:59:51.210Z] >>> [apiv2][body] POST https://www.googleapis.com/oauth2/v3/token [omitted]
[debug] [2026-10-02T18:59:51.211Z] Checked if tokens are valid: false, expires at: 1787253039717
[debug] [2026-10-02T18:59:51.211Z] Checked if tokens are valid: false, expires at: 1787253039717
[debug] [2026-10-02T18:59:51.211Z] > refreshing access token with scopes: []
[debug] [2026-10-02T18:59:51.211Z] >>> [apiv2][query] POST https://www.googleapis.com/oauth2/v3/token [none]
[debug] [2026-10-02T18:59:51.211Z] >>> [apiv2][body] POST https://www.googleapis.com/oauth2/v3/token [omitted]
[debug] [2026-10-02T18:59:51.212Z] Checked if tokens are valid: false, expires at: 1787253039717
[debug] [2026-10-02T18:59:51.212Z] Checked if tokens are valid: false, expires at: 1787253039717
[debug] [2026-10-02T18:59:51.212Z] > refreshing access token with scopes: []
[debug] [2026-10-02T18:59:51.212Z] >>> [apiv2][query] POST https://www.googleapis.com/oauth2/v3/token [none]
[debug] [2026-10-02T18:59:51.212Z] >>> [apiv2][body] POST https://www.googleapis.com/oauth2/v3/token [omitted]
[debug] [2026-10-02T18:59:51.218Z] Checked if tokens are valid: false, expires at: 1787253039717
[debug] [2026-10-02T18:59:51.218Z] Checked if tokens are valid: false, expires at: 1787253039717
[debug] [2026-10-02T18:59:51.218Z] > refreshing access token with scopes: []
[debug] [2026-10-02T18:59:51.218Z] >>> [apiv2][query] POST https://www.googleapis.com/oauth2/v3/token [none]
[debug] [2026-10-02T18:59:51.218Z] >>> [apiv2][body] POST https://www.googleapis.com/oauth2/v3/token [omitted]
[debug] [2026-10-02T18:59:51.219Z] Checked if tokens are valid: false, expires at: 1787253039717
[debug] [2026-10-02T18:59:51.219Z] Checked if tokens are valid: false, expires at: 1787253039717
[debug] [2026-10-02T18:59:51.219Z] > refreshing access token with scopes: []
[debug] [2026-10-02T18:59:51.219Z] >>> [apiv2][query] POST https://www.googleapis.com/oauth2/v3/token [none]
[debug] [2026-10-02T18:59:51.219Z] >>> [apiv2][body] POST https://www.googleapis.com/oauth2/v3/token [omitted]
[debug] [2026-10-02T18:59:51.220Z] Checked if tokens are valid: false, expires at: 1787253039717
[debug] [2026-10-02T18:59:51.220Z] Checked if tokens are valid: false, expires at: 1787253039717
[debug] [2026-10-02T18:59:51.220Z] > refreshing access token with scopes: []
[debug] [2026-10-02T18:59:51.220Z] >>> [apiv2][query] POST https://www.googleapis.com/oauth2/v3/token [none]
[debug] [2026-10-02T18:59:51.220Z] >>> [apiv2][body] POST https://www.googleapis.com/oauth2/v3/token [omitted]
[debug] [2026-10-02T18:59:51.221Z] Checked if tokens are valid: false, expires at: 1787253039717
[debug] [2026-10-02T18:59:51.221Z] Checked if tokens are valid: false, expires at: 1787253039717
[debug] [2026-10-02T18:59:51.221Z] > refreshing access token with scopes: []
[debug] [2026-10-02T18:59:51.221Z] >>> [apiv2][query] POST https://www.googleapis.com/oauth2/v3/token [none]
[debug] [2026-10-02T18:59:51.221Z] >>> [apiv2][body] POST https://www.googleapis.com/oauth2/v3/token [omitted]
[debug] [2026-10-02T18:59:51.221Z] Checked if tokens are valid: false, expires at: 1787253039717
[debug] [2026-10-02T18:59:51.221Z] Checked if tokens are valid: false, expires at: 1787253039717
[debug] [2026-10-02T18:59:51.221Z] > refreshing access token with scopes: []
[debug] [2026-10-02T18:59:51.221Z] >>> [apiv2][query] POST https://www.googleapis.com/oauth2/v3/token [none]
[debug] [2026-10-02T18:59:51.221Z] >>> [apiv2][body] POST https://www.googleapis.com/oauth2/v3/token [omitted]
[debug] [2026-10-02T18:59:51.220Z] Checked if tokens are valid: false, expires at: 1787253039717
[debug] [2026-10-02T18:59:51.220Z] Checked if tokens are valid: false, expires at: 1787253039717
[debug] [2026-10-02T18:59:51.220Z] > refreshing access token with scopes: []
[debug] [2026-10-02T18:59:51.221Z] >>> [apiv2][query] POST https://www.googleapis.com/oauth2/v3/token [none]
[debug] [2026-10-02T18:59:51.221Z] >>> [apiv2][body] POST https://www.googleapis.com/oauth2/v3/token [omitted]
[debug] [2026-10-02T18:59:51.221Z] Checked if tokens are valid: false, expires at: 1787253039717
[debug] [2026-10-02T18:59:51.221Z] Checked if tokens are valid: false, expires at: 1787253039717
[debug] [2026-10-02T18:59:51.221Z] > refreshing access token with scopes: []
[debug] [2026-10-02T18:59:51.221Z] >>> [apiv2][query] POST https://www.googleapis.com/oauth2/v3/token [none]
[debug] [2026-10-02T18:59:51.222Z] >>> [apiv2][body] POST https://www.googleapis.com/oauth2/v3/token [omitted]
[debug] [2026-10-02T18:59:51.222Z] Checked if tokens are valid: false, expires at: 1787253039717
[debug] [2026-10-02T18:59:51.222Z] Checked if tokens are valid: false, expires at: 1787253039717
[debug] [2026-10-02T18:59:51.222Z] > refreshing access token with scopes: []
[debug] [2026-10-02T18:59:51.222Z] >>> [apiv2][query] POST https://www.googleapis.com/oauth2/v3/token [none]
[debug] [2026-10-02T18:59:51.222Z] >>> [apiv2][body] POST https://www.googleapis.com/oauth2/v3/token [omitted]
[debug] [2026-10-02T18:59:51.223Z] Checked if tokens are valid: false, expires at: 1787253039717
[debug] [2026-10-02T18:59:51.223Z] Checked if tokens are valid: false, expires at: 1787253039717
[debug] [2026-10-02T18:59:51.223Z] > refreshing access token with scopes: []
[debug] [2026-10-02T18:59:51.223Z] >>> [apiv2][query] POST https://www.googleapis.com/oauth2/v3/token [none]
[debug] [2026-10-02T18:59:51.223Z] >>> [apiv2][body] POST https://www.googleapis.com/oauth2/v3/token [omitted]
[debug] [2026-10-02T18:59:51.223Z] Checked if tokens are valid: false, expires at: 1787253039717
[debug] [2026-10-02T18:59:51.223Z] Checked if tokens are valid: false, expires at: 1787253039717
[debug] [2026-10-02T18:59:51.223Z] > refreshing access token with scopes: []
[debug] [2026-10-02T18:59:51.223Z] >>> [apiv2][query] POST https://www.googleapis.com/oauth2/v3/token [none]
[debug] [2026-10-02T18:59:51.223Z] >>> [apiv2][body] POST https://www.googleapis.com/oauth2/v3/token [omitted]
[debug] [2026-10-02T18:59:51.421Z] <<< [apiv2][status] POST https://www.googleapis.com/oauth2/v3/token 400
[debug] [2026-10-02T18:59:51.421Z] <<< [apiv2][body] POST https://www.googleapis.com/oauth2/v3/token [omitted]
[error] Authentication Error: Your credentials are no longer valid. Please run firebase login --reauth

For CI servers and headless environments, generate a new token with firebase login:ci
[error] Authentication Error: Your credentials are no longer valid. Please run firebase login --reauth

For CI servers and headless environments, generate a new token with firebase login:ci
[debug] [2026-10-02T18:59:51.424Z] <<< [apiv2][status] POST https://www.googleapis.com/oauth2/v3/token 400
[debug] [2026-10-02T18:59:51.424Z] <<< [apiv2][body] POST https://www.googleapis.com/oauth2/v3/token [omitted]
[error] Authentication Error: Your credentials are no longer valid. Please run firebase login --reauth

For CI servers and headless environments, generate a new token with firebase login:ci
[error] Authentication Error: Your credentials are no longer valid. Please run firebase login --reauth

For CI servers and headless environments, generate a new token with firebase login:ci
[debug] [2026-10-02T18:59:51.426Z] <<< [apiv2][status] POST https://www.googleapis.com/oauth2/v3/token 400
[debug] [2026-10-02T18:59:51.426Z] <<< [apiv2][body] POST https://www.googleapis.com/oauth2/v3/token [omitted]
[error] Authentication Error: Your credentials are no longer valid. Please run firebase login --reauth

For CI servers and headless environments, generate a new token with firebase login:ci
[error] Authentication Error: Your credentials are no longer valid. Please run firebase login --reauth

For CI servers and headless environments, generate a new token with firebase login:ci
[debug] [2026-10-02T18:59:51.426Z] <<< [apiv2][status] POST https://www.googleapis.com/oauth2/v3/token 400
[debug] [2026-10-02T18:59:51.426Z] <<< [apiv2][body] POST https://www.googleapis.com/oauth2/v3/token [omitted]
[error] Authentication Error: Your credentials are no longer valid. Please run firebase login --reauth

For CI servers and headless environments, generate a new token with firebase login:ci
[error] Authentication Error: Your credentials are no longer valid. Please run firebase login --reauth

For CI servers and headless environments, generate a new token with firebase login:ci
[debug] [2026-10-02T18:59:51.427Z] <<< [apiv2][status] POST https://www.googleapis.com/oauth2/v3/token 400
[debug] [2026-10-02T18:59:51.427Z] <<< [apiv2][body] POST https://www.googleapis.com/oauth2/v3/token [omitted]
[error] Authentication Error: Your credentials are no longer valid. Please run firebase login --reauth

For CI servers and headless environments, generate a new token with firebase login:ci
[error] Authentication Error: Your credentials are no longer valid. Please run firebase login --reauth

For CI servers and headless environments, generate a new token with firebase login:ci
[debug] [2026-10-02T18:59:51.431Z] <<< [apiv2][status] POST https://www.googleapis.com/oauth2/v3/token 400
[debug] [2026-10-02T18:59:51.431Z] <<< [apiv2][body] POST https://www.googleapis.com/oauth2/v3/token [omitted]
[error] Authentication Error: Your credentials are no longer valid. Please run firebase login --reauth

For CI servers and headless environments, generate a new token with firebase login:ci
[error] Authentication Error: Your credentials are no longer valid. Please run firebase login --reauth

For CI servers and headless environments, generate a new token with firebase login:ci
[debug] [2026-10-02T18:59:51.431Z] <<< [apiv2][status] POST https://www.googleapis.com/oauth2/v3/token 400
[debug] [2026-10-02T18:59:51.431Z] <<< [apiv2][body] POST https://www.googleapis.com/oauth2/v3/token [omitted]
[error] Authentication Error: Your credentials are no longer valid. Please run firebase login --reauth

For CI servers and headless environments, generate a new token with firebase login:ci
[error] Authentication Error: Your credentials are no longer valid. Please run firebase login --reauth

For CI servers and headless environments, generate a new token with firebase login:ci
[debug] [2026-10-02T18:59:51.432Z] <<< [apiv2][status] POST https://www.googleapis.com/oauth2/v3/token 400
[debug] [2026-10-02T18:59:51.432Z] <<< [apiv2][status] POST https://www.googleapis.com/oauth2/v3/token 400
[debug] [2026-10-02T18:59:51.432Z] <<< [apiv2][body] POST https://www.googleapis.com/oauth2/v3/token [omitted]
[error] Authentication Error: Your credentials are no longer valid. Please run firebase login --reauth

For CI servers and headless environments, generate a new token with firebase login:ci
[error] Authentication Error: Your credentials are no longer valid. Please run firebase login --reauth

For CI servers and headless environments, generate a new token with firebase login:ci
[debug] [2026-10-02T18:59:51.432Z] <<< [apiv2][body] POST https://www.googleapis.com/oauth2/v3/token [omitted]
[error] Authentication Error: Your credentials are no longer valid. Please run firebase login --reauth

For CI servers and headless environments, generate a new token with firebase login:ci
[error] Authentication Error: Your credentials are no longer valid. Please run firebase login --reauth

For CI servers and headless environments, generate a new token with firebase login:ci
[debug] [2026-10-02T18:59:51.432Z] <<< [apiv2][status] POST https://www.googleapis.com/oauth2/v3/token 400
[debug] [2026-10-02T18:59:51.432Z] <<< [apiv2][body] POST https://www.googleapis.com/oauth2/v3/token [omitted]
[error] Authentication Error: Your credentials are no longer valid. Please run firebase login --reauth

For CI servers and headless environments, generate a new token with firebase login:ci
[error] Authentication Error: Your credentials are no longer valid. Please run firebase login --reauth

For CI servers and headless environments, generate a new token with firebase login:ci
[debug] [2026-10-02T18:59:51.433Z] <<< [apiv2][status] POST https://www.googleapis.com/oauth2/v3/token 400
[debug] [2026-10-02T18:59:51.433Z] <<< [apiv2][body] POST https://www.googleapis.com/oauth2/v3/token [omitted]
[error] Authentication Error: Your credentials are no longer valid. Please run firebase login --reauth

For CI servers and headless environments, generate a new token with firebase login:ci
[error] Authentication Error: Your credentials are no longer valid. Please run firebase login --reauth

For CI servers and headless environments, generate a new token with firebase login:ci
[debug] [2026-10-02T18:59:51.433Z] <<< [apiv2][status] POST https://www.googleapis.com/oauth2/v3/token 400
[debug] [2026-10-02T18:59:51.433Z] <<< [apiv2][body] POST https://www.googleapis.com/oauth2/v3/token [omitted]
[error] Authentication Error: Your credentials are no longer valid. Please run firebase login --reauth

For CI servers and headless environments, generate a new token with firebase login:ci
[error] Authentication Error: Your credentials are no longer valid. Please run firebase login --reauth

For CI servers and headless environments, generate a new token with firebase login:ci
[debug] [2026-10-02T18:59:51.434Z] <<< [apiv2][status] POST https://www.googleapis.com/oauth2/v3/token 400
[debug] [2026-10-02T18:59:51.434Z] <<< [apiv2][body] POST https://www.googleapis.com/oauth2/v3/token [omitted]
[error] Authentication Error: Your credentials are no longer valid. Please run firebase login --reauth

For CI servers and headless environments, generate a new token with firebase login:ci
[error] Authentication Error: Your credentials are no longer valid. Please run firebase login --reauth

For CI servers and headless environments, generate a new token with firebase login:ci
[debug] [2026-10-02T18:59:51.435Z] <<< [apiv2][status] POST https://www.googleapis.com/oauth2/v3/token 400
[debug] [2026-10-02T18:59:51.435Z] <<< [apiv2][body] POST https://www.googleapis.com/oauth2/v3/token [omitted]
[error] Authentication Error: Your credentials are no longer valid. Please run firebase login --reauth

For CI servers and headless environments, generate a new token with firebase login:ci
[error] Authentication Error: Your credentials are no longer valid. Please run firebase login --reauth

For CI servers and headless environments, generate a new token with firebase login:ci
[debug] [2026-10-02T18:59:51.435Z] <<< [apiv2][status] POST https://www.googleapis.com/oauth2/v3/token 400
[debug] [2026-10-02T18:59:51.435Z] <<< [apiv2][status] POST https://www.googleapis.com/oauth2/v3/token 400
[debug] [2026-10-02T18:59:51.435Z] <<< [apiv2][body] POST https://www.googleapis.com/oauth2/v3/token [omitted]
[error] Authentication Error: Your credentials are no longer valid. Please run firebase login --reauth

For CI servers and headless environments, generate a new token with firebase login:ci
[error] Authentication Error: Your credentials are no longer valid. Please run firebase login --reauth

For CI servers and headless environments, generate a new token with firebase login:ci
[debug] [2026-10-02T18:59:51.435Z] <<< [apiv2][body] POST https://www.googleapis.com/oauth2/v3/token [omitted]
[error] Authentication Error: Your credentials are no longer valid. Please run firebase login --reauth

For CI servers and headless environments, generate a new token with firebase login:ci
[error] Authentication Error: Your credentials are no longer valid. Please run firebase login --reauth

For CI servers and headless environments, generate a new token with firebase login:ci
[debug] [2026-10-02T18:59:51.435Z] <<< [apiv2][status] POST https://www.googleapis.com/oauth2/v3/token 400
[debug] [2026-10-02T18:59:51.435Z] <<< [apiv2][body] POST https://www.googleapis.com/oauth2/v3/token [omitted]
[error] Authentication Error: Your credentials are no longer valid. Please run firebase login --reauth

For CI servers and headless environments, generate a new token with firebase login:ci
[error] Authentication Error: Your credentials are no longer valid. Please run firebase login --reauth

For CI servers and headless environments, generate a new token with firebase login:ci
[debug] [2026-10-02T18:59:51.441Z] <<< [apiv2][status] POST https://www.googleapis.com/oauth2/v3/token 400
[debug] [2026-10-02T18:59:51.442Z] <<< [apiv2][status] POST https://www.googleapis.com/oauth2/v3/token 400
[debug] [2026-10-02T18:59:51.442Z] <<< [apiv2][body] POST https://www.googleapis.com/oauth2/v3/token [omitted]
[error] Authentication Error: Your credentials are no longer valid. Please run firebase login --reauth

For CI servers and headless environments, generate a new token with firebase login:ci
[error] Authentication Error: Your credentials are no longer valid. Please run firebase login --reauth

For CI servers and headless environments, generate a new token with firebase login:ci
[debug] [2026-10-02T18:59:51.442Z] <<< [apiv2][status] POST https://www.googleapis.com/oauth2/v3/token 400
[debug] [2026-10-02T18:59:51.441Z] <<< [apiv2][body] POST https://www.googleapis.com/oauth2/v3/token [omitted]
[error] Authentication Error: Your credentials are no longer valid. Please run firebase login --reauth

For CI servers and headless environments, generate a new token with firebase login:ci
[error] Authentication Error: Your credentials are no longer valid. Please run firebase login --reauth

For CI servers and headless environments, generate a new token with firebase login:ci
[debug] [2026-10-02T18:59:51.442Z] > command requires scopes: ["email","openid","https://www.googleapis.com/auth/cloudplatformprojects.readonly","https://www.googleapis.com/auth/firebase","https://www.googleapis.com/auth/cloud-platform"]
[debug] [2026-10-02T18:59:51.443Z] > authorizing via signed-in user (caleb@wallsentertainment.com)
[debug] [2026-10-02T18:59:51.442Z] <<< [apiv2][body] POST https://www.googleapis.com/oauth2/v3/token [omitted]
[error] Authentication Error: Your credentials are no longer valid. Please run firebase login --reauth

For CI servers and headless environments, generate a new token with firebase login:ci
[error] Authentication Error: Your credentials are no longer valid. Please run firebase login --reauth

For CI servers and headless environments, generate a new token with firebase login:ci
[debug] [2026-10-02T18:59:51.443Z] > command requires scopes: ["email","openid","https://www.googleapis.com/auth/cloudplatformprojects.readonly","https://www.googleapis.com/auth/firebase","https://www.googleapis.com/auth/cloud-platform"]
[debug] [2026-10-02T18:59:51.443Z] > authorizing via signed-in user (caleb@wallsentertainment.com)
[debug] [2026-10-02T19:19:26.489Z] Checked if tokens are valid: false, expires at: 1787253039717
[debug] [2026-10-02T19:19:26.494Z] Checked if tokens are valid: false, expires at: 1787253039717
[debug] [2026-10-02T19:19:26.494Z] > refreshing access token with scopes: []
[debug] [2026-10-02T19:19:26.495Z] >>> [apiv2][query] POST https://www.googleapis.com/oauth2/v3/token [none]
[debug] [2026-10-02T19:19:26.495Z] >>> [apiv2][body] POST https://www.googleapis.com/oauth2/v3/token [omitted]
[debug] [2026-10-02T19:19:26.523Z] Checked if tokens are valid: false, expires at: 1787253039717
[debug] [2026-10-02T19:19:26.523Z] Checked if tokens are valid: false, expires at: 1787253039717
[debug] [2026-10-02T19:19:26.523Z] > refreshing access token with scopes: []
[debug] [2026-10-02T19:19:26.523Z] >>> [apiv2][query] POST https://www.googleapis.com/oauth2/v3/token [none]
[debug] [2026-10-02T19:19:26.523Z] >>> [apiv2][body] POST https://www.googleapis.com/oauth2/v3/token [omitted]
[debug] [2026-10-02T19:19:26.525Z] Checked if tokens are valid: false, expires at: 1787253039717
[debug] [2026-10-02T19:19:26.525Z] Checked if tokens are valid: false, expires at: 1787253039717
[debug] [2026-10-02T19:19:26.525Z] > refreshing access token with scopes: []
[debug] [2026-10-02T19:19:26.525Z] >>> [apiv2][query] POST https://www.googleapis.com/oauth2/v3/token [none]
[debug] [2026-10-02T19:19:26.525Z] >>> [apiv2][body] POST https://www.googleapis.com/oauth2/v3/token [omitted]
[debug] [2026-10-02T19:19:26.526Z] Checked if tokens are valid: false, expires at: 1787253039717
[debug] [2026-10-02T19:19:26.526Z] Checked if tokens are valid: false, expires at: 1787253039717
[debug] [2026-10-02T19:19:26.526Z] > refreshing access token with scopes: []
[debug] [2026-10-02T19:19:26.526Z] >>> [apiv2][query] POST https://www.googleapis.com/oauth2/v3/token [none]
[debug] [2026-10-02T19:19:26.526Z] >>> [apiv2][body] POST https://www.googleapis.com/oauth2/v3/token [omitted]
[debug] [2026-10-02T19:19:26.526Z] Checked if tokens are valid: false, expires at: 1787253039717
[debug] [2026-10-02T19:19:26.526Z] Checked if tokens are valid: false, expires at: 1787253039717
[debug] [2026-10-02T19:19:26.526Z] > refreshing access token with scopes: []
[debug] [2026-10-02T19:19:26.526Z] >>> [apiv2][query] POST https://www.googleapis.com/oauth2/v3/token [none]
[debug] [2026-10-02T19:19:26.526Z] >>> [apiv2][body] POST https://www.googleapis.com/oauth2/v3/token [omitted]
[debug] [2026-10-02T19:19:26.535Z] Checked if tokens are valid: false, expires at: 1787253039717
[debug] [2026-10-02T19:19:26.535Z] Checked if tokens are valid: false, expires at: 1787253039717
[debug] [2026-10-02T19:19:26.535Z] > refreshing access token with scopes: []
[debug] [2026-10-02T19:19:26.535Z] >>> [apiv2][query] POST https://www.googleapis.com/oauth2/v3/token [none]
[debug] [2026-10-02T19:19:26.535Z] >>> [apiv2][body] POST https://www.googleapis.com/oauth2/v3/token [omitted]
[debug] [2026-10-02T19:19:26.536Z] Checked if tokens are valid: false, expires at: 1787253039717
[debug] [2026-10-02T19:19:26.536Z] Checked if tokens are valid: false, expires at: 1787253039717
[debug] [2026-10-02T19:19:26.536Z] > refreshing access token with scopes: []
[debug] [2026-10-02T19:19:26.536Z] >>> [apiv2][query] POST https://www.googleapis.com/oauth2/v3/token [none]
[debug] [2026-10-02T19:19:26.536Z] >>> [apiv2][body] POST https://www.googleapis.com/oauth2/v3/token [omitted]
[debug] [2026-10-02T19:19:26.537Z] Checked if tokens are valid: false, expires at: 1787253039717
[debug] [2026-10-02T19:19:26.537Z] Checked if tokens are valid: false, expires at: 1787253039717
[debug] [2026-10-02T19:19:26.537Z] > refreshing access token with scopes: []
[debug] [2026-10-02T19:19:26.537Z] >>> [apiv2][query] POST https://www.googleapis.com/oauth2/v3/token [none]
[debug] [2026-10-02T19:19:26.537Z] >>> [apiv2][body] POST https://www.googleapis.com/oauth2/v3/token [omitted]
[debug] [2026-10-02T19:19:26.538Z] Checked if tokens are valid: false, expires at: 1787253039717
[debug] [2026-10-02T19:19:26.538Z] Checked if tokens are valid: false, expires at: 1787253039717
[debug] [2026-10-02T19:19:26.538Z] > refreshing access token with scopes: []
[debug] [2026-10-02T19:19:26.538Z] >>> [apiv2][query] POST https://www.googleapis.com/oauth2/v3/token [none]
[debug] [2026-10-02T19:19:26.538Z] >>> [apiv2][body] POST https://www.googleapis.com/oauth2/v3/token [omitted]
[debug] [2026-10-02T19:19:26.538Z] Checked if tokens are valid: false, expires at: 1787253039717
[debug] [2026-10-02T19:19:26.538Z] Checked if tokens are valid: false, expires at: 1787253039717
[debug] [2026-10-02T19:19:26.538Z] > refreshing access token with scopes: []
[debug] [2026-10-02T19:19:26.538Z] >>> [apiv2][query] POST https://www.googleapis.com/oauth2/v3/token [none]
[debug] [2026-10-02T19:19:26.538Z] >>> [apiv2][body] POST https://www.googleapis.com/oauth2/v3/token [omitted]
[debug] [2026-10-02T19:19:26.752Z] <<< [apiv2][status] POST https://www.googleapis.com/oauth2/v3/token 400
[debug] [2026-10-02T19:19:26.752Z] <<< [apiv2][body] POST https://www.googleapis.com/oauth2/v3/token [omitted]
[error] Authentication Error: Your credentials are no longer valid. Please run firebase login --reauth

For CI servers and headless environments, generate a new token with firebase login:ci
[error] Authentication Error: Your credentials are no longer valid. Please run firebase login --reauth

For CI servers and headless environments, generate a new token with firebase login:ci
[debug] [2026-10-02T19:19:26.752Z] <<< [apiv2][status] POST https://www.googleapis.com/oauth2/v3/token 400
[debug] [2026-10-02T19:19:26.752Z] <<< [apiv2][body] POST https://www.googleapis.com/oauth2/v3/token [omitted]
[error] Authentication Error: Your credentials are no longer valid. Please run firebase login --reauth

For CI servers and headless environments, generate a new token with firebase login:ci
[error] Authentication Error: Your credentials are no longer valid. Please run firebase login --reauth

For CI servers and headless environments, generate a new token with firebase login:ci
[debug] [2026-10-02T19:19:26.752Z] <<< [apiv2][status] POST https://www.googleapis.com/oauth2/v3/token 400
[debug] [2026-10-02T19:19:26.752Z] <<< [apiv2][body] POST https://www.googleapis.com/oauth2/v3/token [omitted]
[error] Authentication Error: Your credentials are no longer valid. Please run firebase login --reauth

For CI servers and headless environments, generate a new token with firebase login:ci
[error] Authentication Error: Your credentials are no longer valid. Please run firebase login --reauth

For CI servers and headless environments, generate a new token with firebase login:ci
[debug] [2026-10-02T19:19:26.752Z] <<< [apiv2][status] POST https://www.googleapis.com/oauth2/v3/token 400
[debug] [2026-10-02T19:19:26.752Z] <<< [apiv2][body] POST https://www.googleapis.com/oauth2/v3/token [omitted]
[error] Authentication Error: Your credentials are no longer valid. Please run firebase login --reauth

For CI servers and headless environments, generate a new token with firebase login:ci
[error] Authentication Error: Your credentials are no longer valid. Please run firebase login --reauth

For CI servers and headless environments, generate a new token with firebase login:ci
[debug] [2026-10-02T19:19:26.753Z] <<< [apiv2][status] POST https://www.googleapis.com/oauth2/v3/token 400
[debug] [2026-10-02T19:19:26.753Z] <<< [apiv2][body] POST https://www.googleapis.com/oauth2/v3/token [omitted]
[error] Authentication Error: Your credentials are no longer valid. Please run firebase login --reauth

For CI servers and headless environments, generate a new token with firebase login:ci
[error] Authentication Error: Your credentials are no longer valid. Please run firebase login --reauth

For CI servers and headless environments, generate a new token with firebase login:ci
[debug] [2026-10-02T19:19:26.753Z] <<< [apiv2][status] POST https://www.googleapis.com/oauth2/v3/token 400
[debug] [2026-10-02T19:19:26.753Z] <<< [apiv2][body] POST https://www.googleapis.com/oauth2/v3/token [omitted]
[error] Authentication Error: Your credentials are no longer valid. Please run firebase login --reauth

For CI servers and headless environments, generate a new token with firebase login:ci
[error] Authentication Error: Your credentials are no longer valid. Please run firebase login --reauth

For CI servers and headless environments, generate a new token with firebase login:ci
[debug] [2026-10-02T19:19:26.753Z] <<< [apiv2][status] POST https://www.googleapis.com/oauth2/v3/token 400
[debug] [2026-10-02T19:19:26.753Z] <<< [apiv2][body] POST https://www.googleapis.com/oauth2/v3/token [omitted]
[error] Authentication Error: Your credentials are no longer valid. Please run firebase login --reauth

For CI servers and headless environments, generate a new token with firebase login:ci
[error] Authentication Error: Your credentials are no longer valid. Please run firebase login --reauth

For CI servers and headless environments, generate a new token with firebase login:ci
[debug] [2026-10-02T19:19:26.753Z] <<< [apiv2][status] POST https://www.googleapis.com/oauth2/v3/token 400
[debug] [2026-10-02T19:19:26.753Z] <<< [apiv2][body] POST https://www.googleapis.com/oauth2/v3/token [omitted]
[error] Authentication Error: Your credentials are no longer valid. Please run firebase login --reauth

For CI servers and headless environments, generate a new token with firebase login:ci
[error] Authentication Error: Your credentials are no longer valid. Please run firebase login --reauth

For CI servers and headless environments, generate a new token with firebase login:ci
[debug] [2026-10-02T19:19:26.753Z] <<< [apiv2][status] POST https://www.googleapis.com/oauth2/v3/token 400
[debug] [2026-10-02T19:19:26.753Z] <<< [apiv2][body] POST https://www.googleapis.com/oauth2/v3/token [omitted]
[error] Authentication Error: Your credentials are no longer valid. Please run firebase login --reauth

For CI servers and headless environments, generate a new token with firebase login:ci
[error] Authentication Error: Your credentials are no longer valid. Please run firebase login --reauth

For CI servers and headless environments, generate a new token with firebase login:ci
[debug] [2026-10-02T19:19:26.754Z] > command requires scopes: ["email","openid","https://www.googleapis.com/auth/cloudplatformprojects.readonly","https://www.googleapis.com/auth/firebase","https://www.googleapis.com/auth/cloud-platform"]
[debug] [2026-10-02T19:19:26.754Z] > authorizing via signed-in user (caleb@wallsentertainment.com)
[debug] [2026-10-02T19:19:26.755Z] <<< [apiv2][status] POST https://www.googleapis.com/oauth2/v3/token 400
[debug] [2026-10-02T19:19:26.755Z] <<< [apiv2][body] POST https://www.googleapis.com/oauth2/v3/token [omitted]
[error] Authentication Error: Your credentials are no longer valid. Please run firebase login --reauth

For CI servers and headless environments, generate a new token with firebase login:ci
[error] Authentication Error: Your credentials are no longer valid. Please run firebase login --reauth

For CI servers and headless environments, generate a new token with firebase login:ci
[debug] [2026-10-02T19:19:55.486Z] Checked if tokens are valid: false, expires at: 1787253039717
[debug] [2026-10-02T19:19:55.500Z] Checked if tokens are valid: false, expires at: 1787253039717
[debug] [2026-10-02T19:19:55.501Z] > refreshing access token with scopes: []
[debug] [2026-10-02T19:19:55.504Z] >>> [apiv2][query] POST https://www.googleapis.com/oauth2/v3/token [none]
[debug] [2026-10-02T19:19:55.504Z] >>> [apiv2][body] POST https://www.googleapis.com/oauth2/v3/token [omitted]
[debug] [2026-10-02T19:19:55.544Z] Checked if tokens are valid: false, expires at: 1787253039717
[debug] [2026-10-02T19:19:55.544Z] Checked if tokens are valid: false, expires at: 1787253039717
[debug] [2026-10-02T19:19:55.544Z] > refreshing access token with scopes: []
[debug] [2026-10-02T19:19:55.545Z] >>> [apiv2][query] POST https://www.googleapis.com/oauth2/v3/token [none]
[debug] [2026-10-02T19:19:55.545Z] >>> [apiv2][body] POST https://www.googleapis.com/oauth2/v3/token [omitted]
[debug] [2026-10-02T19:19:55.546Z] Checked if tokens are valid: false, expires at: 1787253039717
[debug] [2026-10-02T19:19:55.546Z] Checked if tokens are valid: false, expires at: 1787253039717
[debug] [2026-10-02T19:19:55.546Z] > refreshing access token with scopes: []
[debug] [2026-10-02T19:19:55.546Z] >>> [apiv2][query] POST https://www.googleapis.com/oauth2/v3/token [none]
[debug] [2026-10-02T19:19:55.546Z] >>> [apiv2][body] POST https://www.googleapis.com/oauth2/v3/token [omitted]
[debug] [2026-10-02T19:19:55.547Z] Checked if tokens are valid: false, expires at: 1787253039717
[debug] [2026-10-02T19:19:55.547Z] Checked if tokens are valid: false, expires at: 1787253039717
[debug] [2026-10-02T19:19:55.547Z] > refreshing access token with scopes: []
[debug] [2026-10-02T19:19:55.547Z] >>> [apiv2][query] POST https://www.googleapis.com/oauth2/v3/token [none]
[debug] [2026-10-02T19:19:55.547Z] >>> [apiv2][body] POST https://www.googleapis.com/oauth2/v3/token [omitted]
[debug] [2026-10-02T19:19:55.548Z] Checked if tokens are valid: false, expires at: 1787253039717
[debug] [2026-10-02T19:19:55.548Z] Checked if tokens are valid: false, expires at: 1787253039717
[debug] [2026-10-02T19:19:55.548Z] > refreshing access token with scopes: []
[debug] [2026-10-02T19:19:55.548Z] >>> [apiv2][query] POST https://www.googleapis.com/oauth2/v3/token [none]
[debug] [2026-10-02T19:19:55.548Z] >>> [apiv2][body] POST https://www.googleapis.com/oauth2/v3/token [omitted]
[debug] [2026-10-02T19:19:55.565Z] Checked if tokens are valid: false, expires at: 1787253039717
[debug] [2026-10-02T19:19:55.565Z] Checked if tokens are valid: false, expires at: 1787253039717
[debug] [2026-10-02T19:19:55.565Z] > refreshing access token with scopes: []
[debug] [2026-10-02T19:19:55.565Z] >>> [apiv2][query] POST https://www.googleapis.com/oauth2/v3/token [none]
[debug] [2026-10-02T19:19:55.565Z] >>> [apiv2][body] POST https://www.googleapis.com/oauth2/v3/token [omitted]
[debug] [2026-10-02T19:19:55.566Z] Checked if tokens are valid: false, expires at: 1787253039717
[debug] [2026-10-02T19:19:55.566Z] Checked if tokens are valid: false, expires at: 1787253039717
[debug] [2026-10-02T19:19:55.566Z] > refreshing access token with scopes: []
[debug] [2026-10-02T19:19:55.566Z] >>> [apiv2][query] POST https://www.googleapis.com/oauth2/v3/token [none]
[debug] [2026-10-02T19:19:55.566Z] >>> [apiv2][body] POST https://www.googleapis.com/oauth2/v3/token [omitted]
[debug] [2026-10-02T19:19:55.567Z] Checked if tokens are valid: false, expires at: 1787253039717
[debug] [2026-10-02T19:19:55.567Z] Checked if tokens are valid: false, expires at: 1787253039717
[debug] [2026-10-02T19:19:55.567Z] > refreshing access token with scopes: []
[debug] [2026-10-02T19:19:55.567Z] >>> [apiv2][query] POST https://www.googleapis.com/oauth2/v3/token [none]
[debug] [2026-10-02T19:19:55.567Z] >>> [apiv2][body] POST https://www.googleapis.com/oauth2/v3/token [omitted]
[debug] [2026-10-02T19:19:55.567Z] Checked if tokens are valid: false, expires at: 1787253039717
[debug] [2026-10-02T19:19:55.568Z] Checked if tokens are valid: false, expires at: 1787253039717
[debug] [2026-10-02T19:19:55.568Z] > refreshing access token with scopes: []
[debug] [2026-10-02T19:19:55.568Z] >>> [apiv2][query] POST https://www.googleapis.com/oauth2/v3/token [none]
[debug] [2026-10-02T19:19:55.568Z] >>> [apiv2][body] POST https://www.googleapis.com/oauth2/v3/token [omitted]
[debug] [2026-10-02T19:19:55.568Z] Checked if tokens are valid: false, expires at: 1787253039717
[debug] [2026-10-02T19:19:55.568Z] Checked if tokens are valid: false, expires at: 1787253039717
[debug] [2026-10-02T19:19:55.568Z] > refreshing access token with scopes: []
[debug] [2026-10-02T19:19:55.568Z] >>> [apiv2][query] POST https://www.googleapis.com/oauth2/v3/token [none]
[debug] [2026-10-02T19:19:55.568Z] >>> [apiv2][body] POST https://www.googleapis.com/oauth2/v3/token [omitted]
[debug] [2026-10-02T19:19:55.705Z] <<< [apiv2][status] POST https://www.googleapis.com/oauth2/v3/token 400
[debug] [2026-10-02T19:19:55.705Z] <<< [apiv2][body] POST https://www.googleapis.com/oauth2/v3/token [omitted]
[error] Authentication Error: Your credentials are no longer valid. Please run firebase login --reauth

For CI servers and headless environments, generate a new token with firebase login:ci
[error] Authentication Error: Your credentials are no longer valid. Please run firebase login --reauth

For CI servers and headless environments, generate a new token with firebase login:ci
[debug] [2026-10-02T19:19:55.706Z] <<< [apiv2][status] POST https://www.googleapis.com/oauth2/v3/token 400
[debug] [2026-10-02T19:19:55.706Z] <<< [apiv2][body] POST https://www.googleapis.com/oauth2/v3/token [omitted]
[error] Authentication Error: Your credentials are no longer valid. Please run firebase login --reauth

For CI servers and headless environments, generate a new token with firebase login:ci
[error] Authentication Error: Your credentials are no longer valid. Please run firebase login --reauth

For CI servers and headless environments, generate a new token with firebase login:ci
[debug] [2026-10-02T19:19:55.709Z] <<< [apiv2][status] POST https://www.googleapis.com/oauth2/v3/token 400
[debug] [2026-10-02T19:19:55.709Z] <<< [apiv2][body] POST https://www.googleapis.com/oauth2/v3/token [omitted]
[error] Authentication Error: Your credentials are no longer valid. Please run firebase login --reauth

For CI servers and headless environments, generate a new token with firebase login:ci
[error] Authentication Error: Your credentials are no longer valid. Please run firebase login --reauth

For CI servers and headless environments, generate a new token with firebase login:ci
[debug] [2026-10-02T19:19:55.709Z] <<< [apiv2][status] POST https://www.googleapis.com/oauth2/v3/token 400
[debug] [2026-10-02T19:19:55.709Z] <<< [apiv2][body] POST https://www.googleapis.com/oauth2/v3/token [omitted]
[error] Authentication Error: Your credentials are no longer valid. Please run firebase login --reauth

For CI servers and headless environments, generate a new token with firebase login:ci
[error] Authentication Error: Your credentials are no longer valid. Please run firebase login --reauth

For CI servers and headless environments, generate a new token with firebase login:ci
[debug] [2026-10-02T19:19:55.709Z] <<< [apiv2][status] POST https://www.googleapis.com/oauth2/v3/token 400
[debug] [2026-10-02T19:19:55.709Z] <<< [apiv2][body] POST https://www.googleapis.com/oauth2/v3/token [omitted]
[error] Authentication Error: Your credentials are no longer valid. Please run firebase login --reauth

For CI servers and headless environments, generate a new token with firebase login:ci
[error] Authentication Error: Your credentials are no longer valid. Please run firebase login --reauth

For CI servers and headless environments, generate a new token with firebase login:ci
[debug] [2026-10-02T19:19:55.712Z] <<< [apiv2][status] POST https://www.googleapis.com/oauth2/v3/token 400
[debug] [2026-10-02T19:19:55.712Z] <<< [apiv2][body] POST https://www.googleapis.com/oauth2/v3/token [omitted]
[error] Authentication Error: Your credentials are no longer valid. Please run firebase login --reauth

For CI servers and headless environments, generate a new token with firebase login:ci
[error] Authentication Error: Your credentials are no longer valid. Please run firebase login --reauth

For CI servers and headless environments, generate a new token with firebase login:ci
[debug] [2026-10-02T19:19:55.712Z] <<< [apiv2][status] POST https://www.googleapis.com/oauth2/v3/token 400
[debug] [2026-10-02T19:19:55.712Z] <<< [apiv2][body] POST https://www.googleapis.com/oauth2/v3/token [omitted]
[error] Authentication Error: Your credentials are no longer valid. Please run firebase login --reauth

For CI servers and headless environments, generate a new token with firebase login:ci
[error] Authentication Error: Your credentials are no longer valid. Please run firebase login --reauth

For CI servers and headless environments, generate a new token with firebase login:ci
[debug] [2026-10-02T19:19:55.712Z] <<< [apiv2][status] POST https://www.googleapis.com/oauth2/v3/token 400
[debug] [2026-10-02T19:19:55.712Z] <<< [apiv2][body] POST https://www.googleapis.com/oauth2/v3/token [omitted]
[error] Authentication Error: Your credentials are no longer valid. Please run firebase login --reauth

For CI servers and headless environments, generate a new token with firebase login:ci
[error] Authentication Error: Your credentials are no longer valid. Please run firebase login --reauth

For CI servers and headless environments, generate a new token with firebase login:ci
[debug] [2026-10-02T19:19:55.718Z] <<< [apiv2][status] POST https://www.googleapis.com/oauth2/v3/token 400
[debug] [2026-10-02T19:19:55.718Z] <<< [apiv2][body] POST https://www.googleapis.com/oauth2/v3/token [omitted]
[error] Authentication Error: Your credentials are no longer valid. Please run firebase login --reauth

For CI servers and headless environments, generate a new token with firebase login:ci
[error] Authentication Error: Your credentials are no longer valid. Please run firebase login --reauth

For CI servers and headless environments, generate a new token with firebase login:ci
[debug] [2026-10-02T19:19:55.718Z] <<< [apiv2][status] POST https://www.googleapis.com/oauth2/v3/token 400
[debug] [2026-10-02T19:19:55.718Z] <<< [apiv2][body] POST https://www.googleapis.com/oauth2/v3/token [omitted]
[error] Authentication Error: Your credentials are no longer valid. Please run firebase login --reauth

For CI servers and headless environments, generate a new token with firebase login:ci
[error] Authentication Error: Your credentials are no longer valid. Please run firebase login --reauth

For CI servers and headless environments, generate a new token with firebase login:ci
[debug] [2026-10-02T19:19:55.719Z] > command requires scopes: ["email","openid","https://www.googleapis.com/auth/cloudplatformprojects.readonly","https://www.googleapis.com/auth/firebase","https://www.googleapis.com/auth/cloud-platform"]
[debug] [2026-10-02T19:19:55.719Z] > authorizing via signed-in user (caleb@wallsentertainment.com)
[debug] [2026-10-02T19:59:00.841Z] Checked if tokens are valid: false, expires at: 1787253039717
[debug] [2026-10-02T19:59:00.845Z] Checked if tokens are valid: false, expires at: 1787253039717
[debug] [2026-10-02T19:59:00.845Z] > refreshing access token with scopes: []
[debug] [2026-10-02T19:59:00.846Z] >>> [apiv2][query] POST https://www.googleapis.com/oauth2/v3/token [none]
[debug] [2026-10-02T19:59:00.846Z] >>> [apiv2][body] POST https://www.googleapis.com/oauth2/v3/token [omitted]
[debug] [2026-10-02T19:59:00.869Z] Checked if tokens are valid: false, expires at: 1787253039717
[debug] [2026-10-02T19:59:00.869Z] Checked if tokens are valid: false, expires at: 1787253039717
[debug] [2026-10-02T19:59:00.869Z] > refreshing access token with scopes: []
[debug] [2026-10-02T19:59:00.869Z] >>> [apiv2][query] POST https://www.googleapis.com/oauth2/v3/token [none]
[debug] [2026-10-02T19:59:00.869Z] >>> [apiv2][body] POST https://www.googleapis.com/oauth2/v3/token [omitted]
[debug] [2026-10-02T19:59:00.871Z] Checked if tokens are valid: false, expires at: 1787253039717
[debug] [2026-10-02T19:59:00.871Z] Checked if tokens are valid: false, expires at: 1787253039717
[debug] [2026-10-02T19:59:00.871Z] > refreshing access token with scopes: []
[debug] [2026-10-02T19:59:00.871Z] >>> [apiv2][query] POST https://www.googleapis.com/oauth2/v3/token [none]
[debug] [2026-10-02T19:59:00.871Z] >>> [apiv2][body] POST https://www.googleapis.com/oauth2/v3/token [omitted]
[debug] [2026-10-02T19:59:00.872Z] Checked if tokens are valid: false, expires at: 1787253039717
[debug] [2026-10-02T19:59:00.872Z] Checked if tokens are valid: false, expires at: 1787253039717
[debug] [2026-10-02T19:59:00.872Z] > refreshing access token with scopes: []
[debug] [2026-10-02T19:59:00.872Z] >>> [apiv2][query] POST https://www.googleapis.com/oauth2/v3/token [none]
[debug] [2026-10-02T19:59:00.872Z] >>> [apiv2][body] POST https://www.googleapis.com/oauth2/v3/token [omitted]
[debug] [2026-10-02T19:59:00.873Z] Checked if tokens are valid: false, expires at: 1787253039717
[debug] [2026-10-02T19:59:00.873Z] Checked if tokens are valid: false, expires at: 1787253039717
[debug] [2026-10-02T19:59:00.873Z] > refreshing access token with scopes: []
[debug] [2026-10-02T19:59:00.873Z] >>> [apiv2][query] POST https://www.googleapis.com/oauth2/v3/token [none]
[debug] [2026-10-02T19:59:00.873Z] >>> [apiv2][body] POST https://www.googleapis.com/oauth2/v3/token [omitted]
[debug] [2026-10-02T19:59:00.881Z] Checked if tokens are valid: false, expires at: 1787253039717
[debug] [2026-10-02T19:59:00.881Z] Checked if tokens are valid: false, expires at: 1787253039717
[debug] [2026-10-02T19:59:00.881Z] > refreshing access token with scopes: []
[debug] [2026-10-02T19:59:00.881Z] >>> [apiv2][query] POST https://www.googleapis.com/oauth2/v3/token [none]
[debug] [2026-10-02T19:59:00.881Z] >>> [apiv2][body] POST https://www.googleapis.com/oauth2/v3/token [omitted]
[debug] [2026-10-02T19:59:00.882Z] Checked if tokens are valid: false, expires at: 1787253039717
[debug] [2026-10-02T19:59:00.882Z] Checked if tokens are valid: false, expires at: 1787253039717
[debug] [2026-10-02T19:59:00.882Z] > refreshing access token with scopes: []
[debug] [2026-10-02T19:59:00.882Z] >>> [apiv2][query] POST https://www.googleapis.com/oauth2/v3/token [none]
[debug] [2026-10-02T19:59:00.882Z] >>> [apiv2][body] POST https://www.googleapis.com/oauth2/v3/token [omitted]
[debug] [2026-10-02T19:59:00.883Z] Checked if tokens are valid: false, expires at: 1787253039717
[debug] [2026-10-02T19:59:00.883Z] Checked if tokens are valid: false, expires at: 1787253039717
[debug] [2026-10-02T19:59:00.883Z] > refreshing access token with scopes: []
[debug] [2026-10-02T19:59:00.883Z] >>> [apiv2][query] POST https://www.googleapis.com/oauth2/v3/token [none]
[debug] [2026-10-02T19:59:00.883Z] >>> [apiv2][body] POST https://www.googleapis.com/oauth2/v3/token [omitted]
[debug] [2026-10-02T19:59:00.883Z] Checked if tokens are valid: false, expires at: 1787253039717
[debug] [2026-10-02T19:59:00.883Z] Checked if tokens are valid: false, expires at: 1787253039717
[debug] [2026-10-02T19:59:00.883Z] > refreshing access token with scopes: []
[debug] [2026-10-02T19:59:00.883Z] >>> [apiv2][query] POST https://www.googleapis.com/oauth2/v3/token [none]
[debug] [2026-10-02T19:59:00.883Z] >>> [apiv2][body] POST https://www.googleapis.com/oauth2/v3/token [omitted]
[debug] [2026-10-02T19:59:00.884Z] Checked if tokens are valid: false, expires at: 1787253039717
[debug] [2026-10-02T19:59:00.884Z] Checked if tokens are valid: false, expires at: 1787253039717
[debug] [2026-10-02T19:59:00.884Z] > refreshing access token with scopes: []
[debug] [2026-10-02T19:59:00.884Z] >>> [apiv2][query] POST https://www.googleapis.com/oauth2/v3/token [none]
[debug] [2026-10-02T19:59:00.884Z] >>> [apiv2][body] POST https://www.googleapis.com/oauth2/v3/token [omitted]
[debug] [2026-10-02T19:59:01.087Z] <<< [apiv2][status] POST https://www.googleapis.com/oauth2/v3/token 400
[debug] [2026-10-02T19:59:01.087Z] <<< [apiv2][body] POST https://www.googleapis.com/oauth2/v3/token [omitted]
[error] Authentication Error: Your credentials are no longer valid. Please run firebase login --reauth

For CI servers and headless environments, generate a new token with firebase login:ci
[error] Authentication Error: Your credentials are no longer valid. Please run firebase login --reauth

For CI servers and headless environments, generate a new token with firebase login:ci
[debug] [2026-10-02T19:59:01.087Z] <<< [apiv2][status] POST https://www.googleapis.com/oauth2/v3/token 400
[debug] [2026-10-02T19:59:01.087Z] <<< [apiv2][body] POST https://www.googleapis.com/oauth2/v3/token [omitted]
[error] Authentication Error: Your credentials are no longer valid. Please run firebase login --reauth

For CI servers and headless environments, generate a new token with firebase login:ci
[error] Authentication Error: Your credentials are no longer valid. Please run firebase login --reauth

For CI servers and headless environments, generate a new token with firebase login:ci
[debug] [2026-10-02T19:59:01.090Z] <<< [apiv2][status] POST https://www.googleapis.com/oauth2/v3/token 400
[debug] [2026-10-02T19:59:01.090Z] <<< [apiv2][body] POST https://www.googleapis.com/oauth2/v3/token [omitted]
[error] Authentication Error: Your credentials are no longer valid. Please run firebase login --reauth

For CI servers and headless environments, generate a new token with firebase login:ci
[error] Authentication Error: Your credentials are no longer valid. Please run firebase login --reauth

For CI servers and headless environments, generate a new token with firebase login:ci
[debug] [2026-10-02T19:59:01.090Z] <<< [apiv2][status] POST https://www.googleapis.com/oauth2/v3/token 400
[debug] [2026-10-02T19:59:01.090Z] <<< [apiv2][body] POST https://www.googleapis.com/oauth2/v3/token [omitted]
[error] Authentication Error: Your credentials are no longer valid. Please run firebase login --reauth

For CI servers and headless environments, generate a new token with firebase login:ci
[error] Authentication Error: Your credentials are no longer valid. Please run firebase login --reauth

For CI servers and headless environments, generate a new token with firebase login:ci
[debug] [2026-10-02T19:59:01.090Z] <<< [apiv2][status] POST https://www.googleapis.com/oauth2/v3/token 400
[debug] [2026-10-02T19:59:01.090Z] <<< [apiv2][body] POST https://www.googleapis.com/oauth2/v3/token [omitted]
[error] Authentication Error: Your credentials are no longer valid. Please run firebase login --reauth

For CI servers and headless environments, generate a new token with firebase login:ci
[error] Authentication Error: Your credentials are no longer valid. Please run firebase login --reauth

For CI servers and headless environments, generate a new token with firebase login:ci
[debug] [2026-10-02T19:59:01.093Z] <<< [apiv2][status] POST https://www.googleapis.com/oauth2/v3/token 400
[debug] [2026-10-02T19:59:01.093Z] <<< [apiv2][body] POST https://www.googleapis.com/oauth2/v3/token [omitted]
[error] Authentication Error: Your credentials are no longer valid. Please run firebase login --reauth

For CI servers and headless environments, generate a new token with firebase login:ci
[error] Authentication Error: Your credentials are no longer valid. Please run firebase login --reauth

For CI servers and headless environments, generate a new token with firebase login:ci
[debug] [2026-10-02T19:59:01.093Z] <<< [apiv2][status] POST https://www.googleapis.com/oauth2/v3/token 400
[debug] [2026-10-02T19:59:01.093Z] <<< [apiv2][body] POST https://www.googleapis.com/oauth2/v3/token [omitted]
[error] Authentication Error: Your credentials are no longer valid. Please run firebase login --reauth

For CI servers and headless environments, generate a new token with firebase login:ci
[error] Authentication Error: Your credentials are no longer valid. Please run firebase login --reauth

For CI servers and headless environments, generate a new token with firebase login:ci
[debug] [2026-10-02T19:59:01.095Z] <<< [apiv2][status] POST https://www.googleapis.com/oauth2/v3/token 400
[debug] [2026-10-02T19:59:01.095Z] <<< [apiv2][body] POST https://www.googleapis.com/oauth2/v3/token [omitted]
[error] Authentication Error: Your credentials are no longer valid. Please run firebase login --reauth

For CI servers and headless environments, generate a new token with firebase login:ci
[error] Authentication Error: Your credentials are no longer valid. Please run firebase login --reauth

For CI servers and headless environments, generate a new token with firebase login:ci
[debug] [2026-10-02T19:59:01.096Z] <<< [apiv2][status] POST https://www.googleapis.com/oauth2/v3/token 400
[debug] [2026-10-02T19:59:01.096Z] <<< [apiv2][body] POST https://www.googleapis.com/oauth2/v3/token [omitted]
[error] Authentication Error: Your credentials are no longer valid. Please run firebase login --reauth

For CI servers and headless environments, generate a new token with firebase login:ci
[error] Authentication Error: Your credentials are no longer valid. Please run firebase login --reauth

For CI servers and headless environments, generate a new token with firebase login:ci
[debug] [2026-10-02T19:59:01.101Z] <<< [apiv2][status] POST https://www.googleapis.com/oauth2/v3/token 400
[debug] [2026-10-02T19:59:01.101Z] <<< [apiv2][body] POST https://www.googleapis.com/oauth2/v3/token [omitted]
[error] Authentication Error: Your credentials are no longer valid. Please run firebase login --reauth

For CI servers and headless environments, generate a new token with firebase login:ci
[error] Authentication Error: Your credentials are no longer valid. Please run firebase login --reauth

For CI servers and headless environments, generate a new token with firebase login:ci
[debug] [2026-10-02T19:59:01.102Z] > command requires scopes: ["email","openid","https://www.googleapis.com/auth/cloudplatformprojects.readonly","https://www.googleapis.com/auth/firebase","https://www.googleapis.com/auth/cloud-platform"]
[debug] [2026-10-02T19:59:01.102Z] > authorizing via signed-in user (caleb@wallsentertainment.com)
[debug] [2026-10-02T19:59:31.990Z] Checked if tokens are valid: false, expires at: 1787253039717
[debug] [2026-10-02T19:59:31.993Z] Checked if tokens are valid: false, expires at: 1787253039717
[debug] [2026-10-02T19:59:31.993Z] > refreshing access token with scopes: []
[debug] [2026-10-02T19:59:31.994Z] >>> [apiv2][query] POST https://www.googleapis.com/oauth2/v3/token [none]
[debug] [2026-10-02T19:59:31.994Z] >>> [apiv2][body] POST https://www.googleapis.com/oauth2/v3/token [omitted]
[debug] [2026-10-02T19:59:32.022Z] Checked if tokens are valid: false, expires at: 1787253039717
[debug] [2026-10-02T19:59:32.022Z] Checked if tokens are valid: false, expires at: 1787253039717
[debug] [2026-10-02T19:59:32.022Z] > refreshing access token with scopes: []
[debug] [2026-10-02T19:59:32.022Z] >>> [apiv2][query] POST https://www.googleapis.com/oauth2/v3/token [none]
[debug] [2026-10-02T19:59:32.022Z] >>> [apiv2][body] POST https://www.googleapis.com/oauth2/v3/token [omitted]
[debug] [2026-10-02T19:59:32.023Z] Checked if tokens are valid: false, expires at: 1787253039717
[debug] [2026-10-02T19:59:32.024Z] Checked if tokens are valid: false, expires at: 1787253039717
[debug] [2026-10-02T19:59:32.024Z] > refreshing access token with scopes: []
[debug] [2026-10-02T19:59:32.024Z] >>> [apiv2][query] POST https://www.googleapis.com/oauth2/v3/token [none]
[debug] [2026-10-02T19:59:32.024Z] >>> [apiv2][body] POST https://www.googleapis.com/oauth2/v3/token [omitted]
[debug] [2026-10-02T19:59:32.025Z] Checked if tokens are valid: false, expires at: 1787253039717
[debug] [2026-10-02T19:59:32.025Z] Checked if tokens are valid: false, expires at: 1787253039717
[debug] [2026-10-02T19:59:32.025Z] > refreshing access token with scopes: []
[debug] [2026-10-02T19:59:32.025Z] >>> [apiv2][query] POST https://www.googleapis.com/oauth2/v3/token [none]
[debug] [2026-10-02T19:59:32.025Z] >>> [apiv2][body] POST https://www.googleapis.com/oauth2/v3/token [omitted]
[debug] [2026-10-02T19:59:32.025Z] Checked if tokens are valid: false, expires at: 1787253039717
[debug] [2026-10-02T19:59:32.025Z] Checked if tokens are valid: false, expires at: 1787253039717
[debug] [2026-10-02T19:59:32.025Z] > refreshing access token with scopes: []
[debug] [2026-10-02T19:59:32.025Z] >>> [apiv2][query] POST https://www.googleapis.com/oauth2/v3/token [none]
[debug] [2026-10-02T19:59:32.025Z] >>> [apiv2][body] POST https://www.googleapis.com/oauth2/v3/token [omitted]
[debug] [2026-10-02T19:59:32.032Z] Checked if tokens are valid: false, expires at: 1787253039717
[debug] [2026-10-02T19:59:32.032Z] Checked if tokens are valid: false, expires at: 1787253039717
[debug] [2026-10-02T19:59:32.032Z] > refreshing access token with scopes: []
[debug] [2026-10-02T19:59:32.032Z] >>> [apiv2][query] POST https://www.googleapis.com/oauth2/v3/token [none]
[debug] [2026-10-02T19:59:32.032Z] >>> [apiv2][body] POST https://www.googleapis.com/oauth2/v3/token [omitted]
[debug] [2026-10-02T19:59:32.033Z] Checked if tokens are valid: false, expires at: 1787253039717
[debug] [2026-10-02T19:59:32.033Z] Checked if tokens are valid: false, expires at: 1787253039717
[debug] [2026-10-02T19:59:32.033Z] > refreshing access token with scopes: []
[debug] [2026-10-02T19:59:32.033Z] >>> [apiv2][query] POST https://www.googleapis.com/oauth2/v3/token [none]
[debug] [2026-10-02T19:59:32.033Z] >>> [apiv2][body] POST https://www.googleapis.com/oauth2/v3/token [omitted]
[debug] [2026-10-02T19:59:32.034Z] Checked if tokens are valid: false, expires at: 1787253039717
[debug] [2026-10-02T19:59:32.034Z] Checked if tokens are valid: false, expires at: 1787253039717
[debug] [2026-10-02T19:59:32.034Z] > refreshing access token with scopes: []
[debug] [2026-10-02T19:59:32.034Z] >>> [apiv2][query] POST https://www.googleapis.com/oauth2/v3/token [none]
[debug] [2026-10-02T19:59:32.034Z] >>> [apiv2][body] POST https://www.googleapis.com/oauth2/v3/token [omitted]
[debug] [2026-10-02T19:59:32.034Z] Checked if tokens are valid: false, expires at: 1787253039717
[debug] [2026-10-02T19:59:32.034Z] Checked if tokens are valid: false, expires at: 1787253039717
[debug] [2026-10-02T19:59:32.034Z] > refreshing access token with scopes: []
[debug] [2026-10-02T19:59:32.034Z] >>> [apiv2][query] POST https://www.googleapis.com/oauth2/v3/token [none]
[debug] [2026-10-02T19:59:32.034Z] >>> [apiv2][body] POST https://www.googleapis.com/oauth2/v3/token [omitted]
[debug] [2026-10-02T19:59:32.035Z] Checked if tokens are valid: false, expires at: 1787253039717
[debug] [2026-10-02T19:59:32.035Z] Checked if tokens are valid: false, expires at: 1787253039717
[debug] [2026-10-02T19:59:32.035Z] > refreshing access token with scopes: []
[debug] [2026-10-02T19:59:32.036Z] >>> [apiv2][query] POST https://www.googleapis.com/oauth2/v3/token [none]
[debug] [2026-10-02T19:59:32.036Z] >>> [apiv2][body] POST https://www.googleapis.com/oauth2/v3/token [omitted]
[debug] [2026-10-02T19:59:32.241Z] <<< [apiv2][status] POST https://www.googleapis.com/oauth2/v3/token 400
[debug] [2026-10-02T19:59:32.241Z] <<< [apiv2][body] POST https://www.googleapis.com/oauth2/v3/token [omitted]
[error] Authentication Error: Your credentials are no longer valid. Please run firebase login --reauth

For CI servers and headless environments, generate a new token with firebase login:ci
[error] Authentication Error: Your credentials are no longer valid. Please run firebase login --reauth

For CI servers and headless environments, generate a new token with firebase login:ci
[debug] [2026-10-02T19:59:32.241Z] <<< [apiv2][status] POST https://www.googleapis.com/oauth2/v3/token 400
[debug] [2026-10-02T19:59:32.241Z] <<< [apiv2][body] POST https://www.googleapis.com/oauth2/v3/token [omitted]
[error] Authentication Error: Your credentials are no longer valid. Please run firebase login --reauth

For CI servers and headless environments, generate a new token with firebase login:ci
[error] Authentication Error: Your credentials are no longer valid. Please run firebase login --reauth

For CI servers and headless environments, generate a new token with firebase login:ci
[debug] [2026-10-02T19:59:32.242Z] <<< [apiv2][status] POST https://www.googleapis.com/oauth2/v3/token 400
[debug] [2026-10-02T19:59:32.242Z] <<< [apiv2][body] POST https://www.googleapis.com/oauth2/v3/token [omitted]
[error] Authentication Error: Your credentials are no longer valid. Please run firebase login --reauth

For CI servers and headless environments, generate a new token with firebase login:ci
[error] Authentication Error: Your credentials are no longer valid. Please run firebase login --reauth

For CI servers and headless environments, generate a new token with firebase login:ci
[debug] [2026-10-02T19:59:32.247Z] <<< [apiv2][status] POST https://www.googleapis.com/oauth2/v3/token 400
[debug] [2026-10-02T19:59:32.247Z] <<< [apiv2][body] POST https://www.googleapis.com/oauth2/v3/token [omitted]
[error] Authentication Error: Your credentials are no longer valid. Please run firebase login --reauth

For CI servers and headless environments, generate a new token with firebase login:ci
[error] Authentication Error: Your credentials are no longer valid. Please run firebase login --reauth

For CI servers and headless environments, generate a new token with firebase login:ci
[debug] [2026-10-02T19:59:32.247Z] <<< [apiv2][status] POST https://www.googleapis.com/oauth2/v3/token 400
[debug] [2026-10-02T19:59:32.247Z] <<< [apiv2][body] POST https://www.googleapis.com/oauth2/v3/token [omitted]
[error] Authentication Error: Your credentials are no longer valid. Please run firebase login --reauth

For CI servers and headless environments, generate a new token with firebase login:ci
[error] Authentication Error: Your credentials are no longer valid. Please run firebase login --reauth

For CI servers and headless environments, generate a new token with firebase login:ci
[debug] [2026-10-02T19:59:32.248Z] <<< [apiv2][status] POST https://www.googleapis.com/oauth2/v3/token 400
[debug] [2026-10-02T19:59:32.248Z] <<< [apiv2][body] POST https://www.googleapis.com/oauth2/v3/token [omitted]
[error] Authentication Error: Your credentials are no longer valid. Please run firebase login --reauth

For CI servers and headless environments, generate a new token with firebase login:ci
[error] Authentication Error: Your credentials are no longer valid. Please run firebase login --reauth

For CI servers and headless environments, generate a new token with firebase login:ci
[debug] [2026-10-02T19:59:32.248Z] <<< [apiv2][status] POST https://www.googleapis.com/oauth2/v3/token 400
[debug] [2026-10-02T19:59:32.248Z] <<< [apiv2][body] POST https://www.googleapis.com/oauth2/v3/token [omitted]
[error] Authentication Error: Your credentials are no longer valid. Please run firebase login --reauth

For CI servers and headless environments, generate a new token with firebase login:ci
[error] Authentication Error: Your credentials are no longer valid. Please run firebase login --reauth

For CI servers and headless environments, generate a new token with firebase login:ci
[debug] [2026-10-02T19:59:32.248Z] <<< [apiv2][status] POST https://www.googleapis.com/oauth2/v3/token 400
[debug] [2026-10-02T19:59:32.248Z] <<< [apiv2][body] POST https://www.googleapis.com/oauth2/v3/token [omitted]
[error] Authentication Error: Your credentials are no longer valid. Please run firebase login --reauth

For CI servers and headless environments, generate a new token with firebase login:ci
[error] Authentication Error: Your credentials are no longer valid. Please run firebase login --reauth

For CI servers and headless environments, generate a new token with firebase login:ci
[debug] [2026-10-02T19:59:32.248Z] <<< [apiv2][status] POST https://www.googleapis.com/oauth2/v3/token 400
[debug] [2026-10-02T19:59:32.248Z] <<< [apiv2][body] POST https://www.googleapis.com/oauth2/v3/token [omitted]
[error] Authentication Error: Your credentials are no longer valid. Please run firebase login --reauth

For CI servers and headless environments, generate a new token with firebase login:ci
[error] Authentication Error: Your credentials are no longer valid. Please run firebase login --reauth

For CI servers and headless environments, generate a new token with firebase login:ci
[debug] [2026-10-02T19:59:32.249Z] > command requires scopes: ["email","openid","https://www.googleapis.com/auth/cloudplatformprojects.readonly","https://www.googleapis.com/auth/firebase","https://www.googleapis.com/auth/cloud-platform"]
[debug] [2026-10-02T19:59:32.249Z] > authorizing via signed-in user (caleb@wallsentertainment.com)
[debug] [2026-10-02T19:59:32.253Z] <<< [apiv2][status] POST https://www.googleapis.com/oauth2/v3/token 400
[debug] [2026-10-02T19:59:32.253Z] <<< [apiv2][body] POST https://www.googleapis.com/oauth2/v3/token [omitted]
[error] Authentication Error: Your credentials are no longer valid. Please run firebase login --reauth

For CI servers and headless environments, generate a new token with firebase login:ci
[error] Authentication Error: Your credentials are no longer valid. Please run firebase login --reauth

For CI servers and headless environments, generate a new token with firebase login:ci
[debug] [2026-10-02T20:02:46.436Z] Checked if tokens are valid: false, expires at: 1787253039717
[debug] [2026-10-02T20:02:46.441Z] Checked if tokens are valid: false, expires at: 1787253039717
[debug] [2026-10-02T20:02:46.441Z] > refreshing access token with scopes: []
[debug] [2026-10-02T20:02:46.442Z] >>> [apiv2][query] POST https://www.googleapis.com/oauth2/v3/token [none]
[debug] [2026-10-02T20:02:46.442Z] >>> [apiv2][body] POST https://www.googleapis.com/oauth2/v3/token [omitted]
[debug] [2026-10-02T20:02:46.472Z] Checked if tokens are valid: false, expires at: 1787253039717
[debug] [2026-10-02T20:02:46.472Z] Checked if tokens are valid: false, expires at: 1787253039717
[debug] [2026-10-02T20:02:46.472Z] > refreshing access token with scopes: []
[debug] [2026-10-02T20:02:46.472Z] >>> [apiv2][query] POST https://www.googleapis.com/oauth2/v3/token [none]
[debug] [2026-10-02T20:02:46.472Z] >>> [apiv2][body] POST https://www.googleapis.com/oauth2/v3/token [omitted]
[debug] [2026-10-02T20:02:46.474Z] Checked if tokens are valid: false, expires at: 1787253039717
[debug] [2026-10-02T20:02:46.474Z] Checked if tokens are valid: false, expires at: 1787253039717
[debug] [2026-10-02T20:02:46.474Z] > refreshing access token with scopes: []
[debug] [2026-10-02T20:02:46.474Z] >>> [apiv2][query] POST https://www.googleapis.com/oauth2/v3/token [none]
[debug] [2026-10-02T20:02:46.474Z] >>> [apiv2][body] POST https://www.googleapis.com/oauth2/v3/token [omitted]
[debug] [2026-10-02T20:02:46.475Z] Checked if tokens are valid: false, expires at: 1787253039717
[debug] [2026-10-02T20:02:46.476Z] Checked if tokens are valid: false, expires at: 1787253039717
[debug] [2026-10-02T20:02:46.476Z] > refreshing access token with scopes: []
[debug] [2026-10-02T20:02:46.476Z] >>> [apiv2][query] POST https://www.googleapis.com/oauth2/v3/token [none]
[debug] [2026-10-02T20:02:46.476Z] >>> [apiv2][body] POST https://www.googleapis.com/oauth2/v3/token [omitted]
[debug] [2026-10-02T20:02:46.477Z] Checked if tokens are valid: false, expires at: 1787253039717
[debug] [2026-10-02T20:02:46.477Z] Checked if tokens are valid: false, expires at: 1787253039717
[debug] [2026-10-02T20:02:46.477Z] > refreshing access token with scopes: []
[debug] [2026-10-02T20:02:46.477Z] >>> [apiv2][query] POST https://www.googleapis.com/oauth2/v3/token [none]
[debug] [2026-10-02T20:02:46.477Z] >>> [apiv2][body] POST https://www.googleapis.com/oauth2/v3/token [omitted]
[debug] [2026-10-02T20:02:46.486Z] Checked if tokens are valid: false, expires at: 1787253039717
[debug] [2026-10-02T20:02:46.486Z] Checked if tokens are valid: false, expires at: 1787253039717
[debug] [2026-10-02T20:02:46.486Z] > refreshing access token with scopes: []
[debug] [2026-10-02T20:02:46.487Z] >>> [apiv2][query] POST https://www.googleapis.com/oauth2/v3/token [none]
[debug] [2026-10-02T20:02:46.487Z] >>> [apiv2][body] POST https://www.googleapis.com/oauth2/v3/token [omitted]
[debug] [2026-10-02T20:02:46.487Z] Checked if tokens are valid: false, expires at: 1787253039717
[debug] [2026-10-02T20:02:46.487Z] Checked if tokens are valid: false, expires at: 1787253039717
[debug] [2026-10-02T20:02:46.487Z] > refreshing access token with scopes: []
[debug] [2026-10-02T20:02:46.488Z] >>> [apiv2][query] POST https://www.googleapis.com/oauth2/v3/token [none]
[debug] [2026-10-02T20:02:46.488Z] >>> [apiv2][body] POST https://www.googleapis.com/oauth2/v3/token [omitted]
[debug] [2026-10-02T20:02:46.489Z] Checked if tokens are valid: false, expires at: 1787253039717
[debug] [2026-10-02T20:02:46.489Z] Checked if tokens are valid: false, expires at: 1787253039717
[debug] [2026-10-02T20:02:46.489Z] > refreshing access token with scopes: []
[debug] [2026-10-02T20:02:46.489Z] >>> [apiv2][query] POST https://www.googleapis.com/oauth2/v3/token [none]
[debug] [2026-10-02T20:02:46.489Z] >>> [apiv2][body] POST https://www.googleapis.com/oauth2/v3/token [omitted]
[debug] [2026-10-02T20:02:46.489Z] Checked if tokens are valid: false, expires at: 1787253039717
[debug] [2026-10-02T20:02:46.489Z] Checked if tokens are valid: false, expires at: 1787253039717
[debug] [2026-10-02T20:02:46.489Z] > refreshing access token with scopes: []
[debug] [2026-10-02T20:02:46.489Z] >>> [apiv2][query] POST https://www.googleapis.com/oauth2/v3/token [none]
[debug] [2026-10-02T20:02:46.489Z] >>> [apiv2][body] POST https://www.googleapis.com/oauth2/v3/token [omitted]
[debug] [2026-10-02T20:02:46.490Z] Checked if tokens are valid: false, expires at: 1787253039717
[debug] [2026-10-02T20:02:46.491Z] Checked if tokens are valid: false, expires at: 1787253039717
[debug] [2026-10-02T20:02:46.491Z] > refreshing access token with scopes: []
[debug] [2026-10-02T20:02:46.491Z] >>> [apiv2][query] POST https://www.googleapis.com/oauth2/v3/token [none]
[debug] [2026-10-02T20:02:46.491Z] >>> [apiv2][body] POST https://www.googleapis.com/oauth2/v3/token [omitted]
[debug] [2026-10-02T20:02:46.678Z] <<< [apiv2][status] POST https://www.googleapis.com/oauth2/v3/token 400
[debug] [2026-10-02T20:02:46.678Z] <<< [apiv2][body] POST https://www.googleapis.com/oauth2/v3/token [omitted]
[error] Authentication Error: Your credentials are no longer valid. Please run firebase login --reauth

For CI servers and headless environments, generate a new token with firebase login:ci
[error] Authentication Error: Your credentials are no longer valid. Please run firebase login --reauth

For CI servers and headless environments, generate a new token with firebase login:ci
[debug] [2026-10-02T20:02:46.678Z] <<< [apiv2][status] POST https://www.googleapis.com/oauth2/v3/token 400
[debug] [2026-10-02T20:02:46.678Z] <<< [apiv2][body] POST https://www.googleapis.com/oauth2/v3/token [omitted]
[error] Authentication Error: Your credentials are no longer valid. Please run firebase login --reauth

For CI servers and headless environments, generate a new token with firebase login:ci
[error] Authentication Error: Your credentials are no longer valid. Please run firebase login --reauth

For CI servers and headless environments, generate a new token with firebase login:ci
[debug] [2026-10-02T20:02:46.678Z] <<< [apiv2][status] POST https://www.googleapis.com/oauth2/v3/token 400
[debug] [2026-10-02T20:02:46.678Z] <<< [apiv2][body] POST https://www.googleapis.com/oauth2/v3/token [omitted]
[error] Authentication Error: Your credentials are no longer valid. Please run firebase login --reauth

For CI servers and headless environments, generate a new token with firebase login:ci
[error] Authentication Error: Your credentials are no longer valid. Please run firebase login --reauth

For CI servers and headless environments, generate a new token with firebase login:ci
[debug] [2026-10-02T20:02:46.679Z] <<< [apiv2][status] POST https://www.googleapis.com/oauth2/v3/token 400
[debug] [2026-10-02T20:02:46.679Z] <<< [apiv2][body] POST https://www.googleapis.com/oauth2/v3/token [omitted]
[error] Authentication Error: Your credentials are no longer valid. Please run firebase login --reauth

For CI servers and headless environments, generate a new token with firebase login:ci
[error] Authentication Error: Your credentials are no longer valid. Please run firebase login --reauth

For CI servers and headless environments, generate a new token with firebase login:ci
[debug] [2026-10-02T20:02:46.679Z] <<< [apiv2][status] POST https://www.googleapis.com/oauth2/v3/token 400
[debug] [2026-10-02T20:02:46.679Z] <<< [apiv2][body] POST https://www.googleapis.com/oauth2/v3/token [omitted]
[error] Authentication Error: Your credentials are no longer valid. Please run firebase login --reauth

For CI servers and headless environments, generate a new token with firebase login:ci
[error] Authentication Error: Your credentials are no longer valid. Please run firebase login --reauth

For CI servers and headless environments, generate a new token with firebase login:ci
[debug] [2026-10-02T20:02:46.679Z] <<< [apiv2][status] POST https://www.googleapis.com/oauth2/v3/token 400
[debug] [2026-10-02T20:02:46.679Z] <<< [apiv2][body] POST https://www.googleapis.com/oauth2/v3/token [omitted]
[error] Authentication Error: Your credentials are no longer valid. Please run firebase login --reauth

For CI servers and headless environments, generate a new token with firebase login:ci
[error] Authentication Error: Your credentials are no longer valid. Please run firebase login --reauth

For CI servers and headless environments, generate a new token with firebase login:ci
[debug] [2026-10-02T20:02:46.679Z] <<< [apiv2][status] POST https://www.googleapis.com/oauth2/v3/token 400
[debug] [2026-10-02T20:02:46.679Z] <<< [apiv2][body] POST https://www.googleapis.com/oauth2/v3/token [omitted]
[error] Authentication Error: Your credentials are no longer valid. Please run firebase login --reauth

For CI servers and headless environments, generate a new token with firebase login:ci
[error] Authentication Error: Your credentials are no longer valid. Please run firebase login --reauth

For CI servers and headless environments, generate a new token with firebase login:ci
[debug] [2026-10-02T20:02:46.680Z] > command requires scopes: ["email","openid","https://www.googleapis.com/auth/cloudplatformprojects.readonly","https://www.googleapis.com/auth/firebase","https://www.googleapis.com/auth/cloud-platform"]
[debug] [2026-10-02T20:02:46.680Z] > authorizing via signed-in user (caleb@wallsentertainment.com)
[debug] [2026-10-02T20:02:46.681Z] <<< [apiv2][status] POST https://www.googleapis.com/oauth2/v3/token 400
[debug] [2026-10-02T20:02:46.681Z] <<< [apiv2][body] POST https://www.googleapis.com/oauth2/v3/token [omitted]
[error] Authentication Error: Your credentials are no longer valid. Please run firebase login --reauth

For CI servers and headless environments, generate a new token with firebase login:ci
[error] Authentication Error: Your credentials are no longer valid. Please run firebase login --reauth

For CI servers and headless environments, generate a new token with firebase login:ci
[debug] [2026-10-02T20:02:46.681Z] <<< [apiv2][status] POST https://www.googleapis.com/oauth2/v3/token 400
[debug] [2026-10-02T20:02:46.681Z] <<< [apiv2][body] POST https://www.googleapis.com/oauth2/v3/token [omitted]
[error] Authentication Error: Your credentials are no longer valid. Please run firebase login --reauth

For CI servers and headless environments, generate a new token with firebase login:ci
[error] Authentication Error: Your credentials are no longer valid. Please run firebase login --reauth

For CI servers and headless environments, generate a new token with firebase login:ci
[debug] [2026-10-02T20:02:46.681Z] <<< [apiv2][status] POST https://www.googleapis.com/oauth2/v3/token 400
[debug] [2026-10-02T20:02:46.681Z] <<< [apiv2][body] POST https://www.googleapis.com/oauth2/v3/token [omitted]
[error] Authentication Error: Your credentials are no longer valid. Please run firebase login --reauth

For CI servers and headless environments, generate a new token with firebase login:ci
[error] Authentication Error: Your credentials are no longer valid. Please run firebase login --reauth

For CI servers and headless environments, generate a new token with firebase login:ci
[debug] [2026-10-02T20:04:23.068Z] Checked if tokens are valid: false, expires at: 1787253039717
[debug] [2026-10-02T20:04:23.106Z] Checked if tokens are valid: false, expires at: 1787253039717
[debug] [2026-10-02T20:04:23.106Z] > refreshing access token with scopes: []
[debug] [2026-10-02T20:04:23.107Z] >>> [apiv2][query] POST https://www.googleapis.com/oauth2/v3/token [none]
[debug] [2026-10-02T20:04:23.107Z] >>> [apiv2][body] POST https://www.googleapis.com/oauth2/v3/token [omitted]
[debug] [2026-10-02T20:04:23.177Z] Checked if tokens are valid: false, expires at: 1787253039717
[debug] [2026-10-02T20:04:23.177Z] Checked if tokens are valid: false, expires at: 1787253039717
[debug] [2026-10-02T20:04:23.178Z] > refreshing access token with scopes: []
[debug] [2026-10-02T20:04:23.178Z] >>> [apiv2][query] POST https://www.googleapis.com/oauth2/v3/token [none]
[debug] [2026-10-02T20:04:23.178Z] >>> [apiv2][body] POST https://www.googleapis.com/oauth2/v3/token [omitted]
[debug] [2026-10-02T20:04:23.179Z] Checked if tokens are valid: false, expires at: 1787253039717
[debug] [2026-10-02T20:04:23.179Z] Checked if tokens are valid: false, expires at: 1787253039717
[debug] [2026-10-02T20:04:23.179Z] > refreshing access token with scopes: []
[debug] [2026-10-02T20:04:23.179Z] >>> [apiv2][query] POST https://www.googleapis.com/oauth2/v3/token [none]
[debug] [2026-10-02T20:04:23.180Z] >>> [apiv2][body] POST https://www.googleapis.com/oauth2/v3/token [omitted]
[debug] [2026-10-02T20:04:23.180Z] Checked if tokens are valid: false, expires at: 1787253039717
[debug] [2026-10-02T20:04:23.180Z] Checked if tokens are valid: false, expires at: 1787253039717
[debug] [2026-10-02T20:04:23.180Z] > refreshing access token with scopes: []
[debug] [2026-10-02T20:04:23.181Z] >>> [apiv2][query] POST https://www.googleapis.com/oauth2/v3/token [none]
[debug] [2026-10-02T20:04:23.181Z] >>> [apiv2][body] POST https://www.googleapis.com/oauth2/v3/token [omitted]
[debug] [2026-10-02T20:04:23.182Z] Checked if tokens are valid: false, expires at: 1787253039717
[debug] [2026-10-02T20:04:23.182Z] Checked if tokens are valid: false, expires at: 1787253039717
[debug] [2026-10-02T20:04:23.182Z] > refreshing access token with scopes: []
[debug] [2026-10-02T20:04:23.182Z] >>> [apiv2][query] POST https://www.googleapis.com/oauth2/v3/token [none]
[debug] [2026-10-02T20:04:23.182Z] >>> [apiv2][body] POST https://www.googleapis.com/oauth2/v3/token [omitted]
[debug] [2026-10-02T20:04:23.192Z] Checked if tokens are valid: false, expires at: 1787253039717
[debug] [2026-10-02T20:04:23.193Z] Checked if tokens are valid: false, expires at: 1787253039717
[debug] [2026-10-02T20:04:23.193Z] > refreshing access token with scopes: []
[debug] [2026-10-02T20:04:23.193Z] >>> [apiv2][query] POST https://www.googleapis.com/oauth2/v3/token [none]
[debug] [2026-10-02T20:04:23.193Z] >>> [apiv2][body] POST https://www.googleapis.com/oauth2/v3/token [omitted]
[debug] [2026-10-02T20:04:23.193Z] Checked if tokens are valid: false, expires at: 1787253039717
[debug] [2026-10-02T20:04:23.193Z] Checked if tokens are valid: false, expires at: 1787253039717
[debug] [2026-10-02T20:04:23.193Z] > refreshing access token with scopes: []
[debug] [2026-10-02T20:04:23.193Z] >>> [apiv2][query] POST https://www.googleapis.com/oauth2/v3/token [none]
[debug] [2026-10-02T20:04:23.193Z] >>> [apiv2][body] POST https://www.googleapis.com/oauth2/v3/token [omitted]
[debug] [2026-10-02T20:04:23.194Z] Checked if tokens are valid: false, expires at: 1787253039717
[debug] [2026-10-02T20:04:23.194Z] Checked if tokens are valid: false, expires at: 1787253039717
[debug] [2026-10-02T20:04:23.194Z] > refreshing access token with scopes: []
[debug] [2026-10-02T20:04:23.194Z] >>> [apiv2][query] POST https://www.googleapis.com/oauth2/v3/token [none]
[debug] [2026-10-02T20:04:23.194Z] >>> [apiv2][body] POST https://www.googleapis.com/oauth2/v3/token [omitted]
[debug] [2026-10-02T20:04:23.194Z] Checked if tokens are valid: false, expires at: 1787253039717
[debug] [2026-10-02T20:04:23.195Z] Checked if tokens are valid: false, expires at: 1787253039717
[debug] [2026-10-02T20:04:23.195Z] > refreshing access token with scopes: []
[debug] [2026-10-02T20:04:23.195Z] >>> [apiv2][query] POST https://www.googleapis.com/oauth2/v3/token [none]
[debug] [2026-10-02T20:04:23.195Z] >>> [apiv2][body] POST https://www.googleapis.com/oauth2/v3/token [omitted]
[debug] [2026-10-02T20:04:23.195Z] Checked if tokens are valid: false, expires at: 1787253039717
[debug] [2026-10-02T20:04:23.195Z] Checked if tokens are valid: false, expires at: 1787253039717
[debug] [2026-10-02T20:04:23.195Z] > refreshing access token with scopes: []
[debug] [2026-10-02T20:04:23.195Z] >>> [apiv2][query] POST https://www.googleapis.com/oauth2/v3/token [none]
[debug] [2026-10-02T20:04:23.195Z] >>> [apiv2][body] POST https://www.googleapis.com/oauth2/v3/token [omitted]
[debug] [2026-10-02T20:04:23.327Z] <<< [apiv2][status] POST https://www.googleapis.com/oauth2/v3/token 400
[debug] [2026-10-02T20:04:23.327Z] <<< [apiv2][body] POST https://www.googleapis.com/oauth2/v3/token [omitted]
[error] Authentication Error: Your credentials are no longer valid. Please run firebase login --reauth

For CI servers and headless environments, generate a new token with firebase login:ci
[error] Authentication Error: Your credentials are no longer valid. Please run firebase login --reauth

For CI servers and headless environments, generate a new token with firebase login:ci
[debug] [2026-10-02T20:04:23.327Z] <<< [apiv2][status] POST https://www.googleapis.com/oauth2/v3/token 400
[debug] [2026-10-02T20:04:23.327Z] <<< [apiv2][body] POST https://www.googleapis.com/oauth2/v3/token [omitted]
[error] Authentication Error: Your credentials are no longer valid. Please run firebase login --reauth

For CI servers and headless environments, generate a new token with firebase login:ci
[error] Authentication Error: Your credentials are no longer valid. Please run firebase login --reauth

For CI servers and headless environments, generate a new token with firebase login:ci
[debug] [2026-10-02T20:04:23.327Z] <<< [apiv2][status] POST https://www.googleapis.com/oauth2/v3/token 400
[debug] [2026-10-02T20:04:23.327Z] <<< [apiv2][body] POST https://www.googleapis.com/oauth2/v3/token [omitted]
[error] Authentication Error: Your credentials are no longer valid. Please run firebase login --reauth

For CI servers and headless environments, generate a new token with firebase login:ci
[error] Authentication Error: Your credentials are no longer valid. Please run firebase login --reauth

For CI servers and headless environments, generate a new token with firebase login:ci
[debug] [2026-10-02T20:04:23.327Z] <<< [apiv2][status] POST https://www.googleapis.com/oauth2/v3/token 400
[debug] [2026-10-02T20:04:23.327Z] <<< [apiv2][body] POST https://www.googleapis.com/oauth2/v3/token [omitted]
[error] Authentication Error: Your credentials are no longer valid. Please run firebase login --reauth

For CI servers and headless environments, generate a new token with firebase login:ci
[error] Authentication Error: Your credentials are no longer valid. Please run firebase login --reauth

For CI servers and headless environments, generate a new token with firebase login:ci
[debug] [2026-10-02T20:04:23.328Z] <<< [apiv2][status] POST https://www.googleapis.com/oauth2/v3/token 400
[debug] [2026-10-02T20:04:23.328Z] <<< [apiv2][body] POST https://www.googleapis.com/oauth2/v3/token [omitted]
[error] Authentication Error: Your credentials are no longer valid. Please run firebase login --reauth

For CI servers and headless environments, generate a new token with firebase login:ci
[error] Authentication Error: Your credentials are no longer valid. Please run firebase login --reauth

For CI servers and headless environments, generate a new token with firebase login:ci
[debug] [2026-10-02T20:04:23.328Z] <<< [apiv2][status] POST https://www.googleapis.com/oauth2/v3/token 400
[debug] [2026-10-02T20:04:23.328Z] <<< [apiv2][body] POST https://www.googleapis.com/oauth2/v3/token [omitted]
[error] Authentication Error: Your credentials are no longer valid. Please run firebase login --reauth

For CI servers and headless environments, generate a new token with firebase login:ci
[error] Authentication Error: Your credentials are no longer valid. Please run firebase login --reauth

For CI servers and headless environments, generate a new token with firebase login:ci
[debug] [2026-10-02T20:04:23.328Z] <<< [apiv2][status] POST https://www.googleapis.com/oauth2/v3/token 400
[debug] [2026-10-02T20:04:23.328Z] <<< [apiv2][body] POST https://www.googleapis.com/oauth2/v3/token [omitted]
[error] Authentication Error: Your credentials are no longer valid. Please run firebase login --reauth

For CI servers and headless environments, generate a new token with firebase login:ci
[error] Authentication Error: Your credentials are no longer valid. Please run firebase login --reauth

For CI servers and headless environments, generate a new token with firebase login:ci
[debug] [2026-10-02T20:04:23.328Z] <<< [apiv2][status] POST https://www.googleapis.com/oauth2/v3/token 400
[debug] [2026-10-02T20:04:23.328Z] <<< [apiv2][body] POST https://www.googleapis.com/oauth2/v3/token [omitted]
[error] Authentication Error: Your credentials are no longer valid. Please run firebase login --reauth

For CI servers and headless environments, generate a new token with firebase login:ci
[error] Authentication Error: Your credentials are no longer valid. Please run firebase login --reauth

For CI servers and headless environments, generate a new token with firebase login:ci
[debug] [2026-10-02T20:04:23.328Z] <<< [apiv2][status] POST https://www.googleapis.com/oauth2/v3/token 400
[debug] [2026-10-02T20:04:23.328Z] <<< [apiv2][body] POST https://www.googleapis.com/oauth2/v3/token [omitted]
[error] Authentication Error: Your credentials are no longer valid. Please run firebase login --reauth

For CI servers and headless environments, generate a new token with firebase login:ci
[error] Authentication Error: Your credentials are no longer valid. Please run firebase login --reauth

For CI servers and headless environments, generate a new token with firebase login:ci
[debug] [2026-10-02T20:04:23.329Z] > command requires scopes: ["email","openid","https://www.googleapis.com/auth/cloudplatformprojects.readonly","https://www.googleapis.com/auth/firebase","https://www.googleapis.com/auth/cloud-platform"]
[debug] [2026-10-02T20:04:23.329Z] > authorizing via signed-in user (caleb@wallsentertainment.com)
[debug] [2026-10-02T20:04:23.329Z] <<< [apiv2][status] POST https://www.googleapis.com/oauth2/v3/token 400
[debug] [2026-10-02T20:04:23.330Z] <<< [apiv2][body] POST https://www.googleapis.com/oauth2/v3/token [omitted]
[error] Authentication Error: Your credentials are no longer valid. Please run firebase login --reauth

For CI servers and headless environments, generate a new token with firebase login:ci
[error] Authentication Error: Your credentials are no longer valid. Please run firebase login --reauth

For CI servers and headless environments, generate a new token with firebase login:ci
